,subject,target,TrialType,BlockType,block,move_init_bound_msecRT,enter_box_msecRT,velocity_drop_msecRT,msecRT,ACC,probemsecRT,probeACC,corrected_movements,corrected_movements_1_4,movement_angle,movement_angle_1_4,movement_angle_difference,movement_angle_difference_1_4,movement_time_msecRT
0,OGWM_101,PFC_cTBS,compatible,invalid,4.333333333333333,527.4761904761905,670.3333333333334,779.2857142857143,898.0952380952381,1.0,667.0,1.0,0.047619047619047616,0.047619047619047616,43.41065860569108,26.068153987883335,8.597460307204589,9.429618550893892,370.6190476190476
1,OGWM_101,PFC_cTBS,compatible,neutral,5.25,464.86538461538464,610.7692307692307,729.1836734693877,848.5576923076923,1.0,708.9807692307693,1.0,0.0,0.0,27.04063869984341,20.14315353151415,4.567457314615506,6.068450334948943,383.6923076923077
2,OGWM_101,PFC_cTBS,compatible,valid,5.333333333333333,479.04761904761904,600.7380952380952,714.2380952380952,845.4761904761905,1.0,673.0595238095239,1.0,0.011904761904761904,0.023809523809523808,22.457393955744593,12.021689519272321,7.148101892455354,10.10140277187468,366.42857142857144
3,OGWM_101,PFC_cTBS,incompatible,invalid,4.395061728395062,658.3086419753087,826.2098765432099,929.575,1054.3703703703704,1.0,732.716049382716,1.0,0.08641975308641975,0.1111111111111111,33.35942797073952,37.56012484980468,12.987893630418228,16.277617388054033,396.0617283950617
4,OGWM_101,PFC_cTBS,incompatible,neutral,5.5,628.7307692307693,765.2884615384615,902.2115384615385,1054.7884615384614,1.0,713.9038461538462,0.9807692307692307,0.038461538461538464,0.09615384615384616,-8.648463411986159,-12.610779469705758,9.285663551649249,15.813400570939674,426.0576923076923
5,OGWM_101,PFC_cTBS,incompatible,valid,5.190476190476191,608.4285714285714,799.0952380952381,843.9473684210526,1020.5714285714286,1.0,684.4285714285714,1.0,0.09523809523809523,0.14285714285714285,-17.83570919755859,6.227552338295575,12.337230616350599,21.040975179045198,412.14285714285717
6,OGWM_101,PFC_iTBS,compatible,invalid,4.043478260869565,577.0869565217391,725.2608695652174,832.1818181818181,987.5652173913044,1.0,820.8260869565217,1.0,0.0,0.043478260869565216,66.57367595142303,63.22923158803319,6.868321173666368,11.434233957364421,410.4782608695652
7,OGWM_101,PFC_iTBS,compatible,neutral,4.056603773584905,540.3396226415094,688.2830188679245,789.62,946.2452830188679,1.0,713.7358490566038,1.0,0.0,0.0,61.69700540337537,47.7805768890809,5.896315876809825,7.17285828496611,405.9056603773585
8,OGWM_101,PFC_iTBS,compatible,valid,6.9523809523809526,466.8809523809524,660.4761904761905,763.7560975609756,898.5714285714286,1.0,681.9880952380952,1.0,0.05952380952380952,0.07142857142857142,76.37005947171507,71.865948935843,9.820146599343726,11.888035526516555,431.6904761904762
9,OGWM_101,PFC_iTBS,incompatible,invalid,4.012345679012346,641.074074074074,854.7037037037037,943.4691358024692,1103.8271604938273,1.0,722.4074074074074,0.9876543209876543,0.08641975308641975,0.09876543209876543,44.775433052656076,68.06674477272504,10.983174402889533,14.28752773822589,462.75308641975306
10,OGWM_101,PFC_iTBS,incompatible,neutral,4.176470588235294,670.156862745098,820.0,927.8979591836735,1096.2941176470588,1.0,760.0196078431372,0.9607843137254902,0.0196078431372549,0.0196078431372549,92.90435260038542,85.07128905925441,6.876696184265045,8.535137718819763,426.1372549019608
11,OGWM_101,PFC_iTBS,incompatible,valid,7.090909090909091,632.2727272727273,785.4545454545455,867.6363636363636,1018.2727272727273,1.0,624.5909090909091,1.0,0.045454545454545456,0.045454545454545456,76.13540559708268,91.23113306932565,8.913080693290555,9.828222055266208,386.0
12,OGWM_101,no_TMS,compatible,invalid,5.0,591.25,732.4166666666666,823.8333333333334,996.9166666666666,1.0,771.0,0.9583333333333334,0.0,0.0,87.2617085945101,87.12300787523226,4.111748003323989,4.852774701493655,405.6666666666667
13,OGWM_101,no_TMS,compatible,neutral,5.588235294117647,513.9019607843137,666.0980392156863,773.156862745098,936.7058823529412,1.0,764.5098039215686,1.0,0.0392156862745098,0.0392156862745098,13.604262292079484,8.328246590105849,8.724182377979988,10.863061626358864,422.80392156862746
14,OGWM_101,no_TMS,compatible,valid,4.27710843373494,497.10843373493975,650.9397590361446,760.9879518072289,901.4819277108434,1.0,906.3855421686746,1.0,0.0,0.012048192771084338,50.915525688677896,56.06326327943279,7.25086809411702,11.45096982445467,404.3734939759036
15,OGWM_101,no_TMS,incompatible,invalid,5.0,606.8717948717949,760.7051282051282,889.4266666666666,1023.5384615384615,1.0,784.4230769230769,0.9871794871794872,0.05128205128205128,0.08974358974358974,24.653667277324747,20.712817552615903,8.299619423648073,11.407341638724896,416.6666666666667
16,OGWM_101,no_TMS,incompatible,neutral,5.775510204081633,624.1836734693877,769.5918367346939,897.0,1017.1224489795918,1.0,818.1632653061224,1.0,0.0,0.061224489795918366,47.1161794649916,47.924090878012976,5.247481322052914,10.507608102432048,392.9387755102041
17,OGWM_101,no_TMS,incompatible,valid,4.388888888888889,650.6666666666666,828.4444444444445,929.7777777777778,1083.7777777777778,1.0,867.5,1.0,0.05555555555555555,0.05555555555555555,81.00641289662529,80.09891285656147,10.020007101591583,11.663460652980866,433.1111111111111
18,OGWM_103,PFC_cTBS,compatible,invalid,5.090909090909091,540.5454545454545,806.8636363636364,874.6842105263158,973.4545454545455,1.0,796.3636363636364,1.0,0.045454545454545456,0.18181818181818182,84.9730482856752,73.0272098233114,8.597065615039227,19.425376082651553,432.90909090909093
19,OGWM_103,PFC_cTBS,compatible,neutral,5.0754716981132075,526.377358490566,752.433962264151,859.125,969.9056603773585,1.0,724.2452830188679,0.9811320754716981,0.07547169811320754,0.11320754716981132,38.36801465553924,37.719703399674756,12.034325627741755,15.293750278680257,443.52830188679246
20,OGWM_103,PFC_cTBS,compatible,valid,4.963414634146342,500.1463414634146,720.1463414634146,808.6716417910447,909.4634146341464,1.0,779.109756097561,1.0,0.012195121951219513,0.07317073170731707,51.1358343201082,29.691881748888612,5.798206757822277,10.753153338715235,409.3170731707317
21,OGWM_103,PFC_cTBS,incompatible,invalid,5.0,565.72,853.08,919.4126984126984,1048.3466666666666,1.0,805.6933333333334,0.96,0.08,0.22666666666666666,-3.5870191517851646,4.7751258550021385,13.711915562601538,26.469570658148452,482.62666666666667
22,OGWM_103,PFC_cTBS,incompatible,neutral,5.18,533.58,799.0,869.2272727272727,994.1,1.0,724.12,0.98,0.14,0.18,43.69779131523349,46.42883349931023,23.009844861655647,26.418857937283985,460.52
23,OGWM_103,PFC_cTBS,incompatible,valid,4.7,569.3,856.3,950.8888888888889,1045.2,1.0,719.65,1.0,0.2,0.25,40.52892524340951,-19.311509620204415,24.725156834326917,31.0829012431813,475.9
24,OGWM_103,PFC_iTBS,compatible,invalid,5.333333333333333,473.1666666666667,732.9166666666666,799.9,924.0833333333334,1.0,709.4166666666666,1.0,0.041666666666666664,0.125,47.9284319776006,24.99918239423545,9.913858370496074,17.53084967183968,450.9166666666667
25,OGWM_103,PFC_iTBS,compatible,neutral,3.0,479.3469387755102,709.530612244898,811.8723404255319,929.1632653061224,1.0,707.795918367347,1.0,0.08163265306122448,0.16326530612244897,21.701990246811164,24.928168355617764,10.932445954880588,18.828556661570772,449.81632653061223
26,OGWM_103,PFC_iTBS,compatible,valid,6.6375,478.525,737.425,814.5416666666666,938.6,1.0,695.0875,0.975,0.0875,0.2,56.309961589302965,39.267394285942444,14.156262942376461,23.09807703959151,460.075
27,OGWM_103,PFC_iTBS,incompatible,invalid,5.342105263157895,511.5657894736842,781.1447368421053,879.7702702702703,1011.5657894736842,1.0,707.6842105263158,0.9736842105263158,0.15789473684210525,0.27631578947368424,30.711675173176648,7.559424409264777,20.12314237267477,33.737072546176606,500.0
28,OGWM_103,PFC_iTBS,incompatible,neutral,3.0377358490566038,534.5094339622641,796.8867924528302,856.6274509803922,1003.7358490566038,1.0,678.7358490566038,1.0,0.1320754716981132,0.24528301886792453,83.00478275658008,62.52948119930816,18.20859451647659,30.266619068544365,469.22641509433964
29,OGWM_103,PFC_iTBS,incompatible,valid,6.565217391304348,459.95652173913044,783.4347826086956,841.6,977.5652173913044,1.0,699.1304347826087,1.0,0.21739130434782608,0.2608695652173913,33.612559717939895,37.237407553996334,30.963733642419832,41.00881066827821,517.6086956521739
30,OGWM_103,no_TMS,compatible,invalid,3.0434782608695654,457.2173913043478,717.0434782608696,794.45,926.0434782608696,1.0,667.6521739130435,1.0,0.08695652173913043,0.21739130434782608,-30.64050762223219,-36.37668654544463,14.584055655042032,28.953660907958465,468.82608695652175
31,OGWM_103,no_TMS,compatible,neutral,5.333333333333333,478.4074074074074,659.8148148148148,749.6666666666666,831.1481481481482,1.0,679.4629629629629,0.9814814814814815,0.0,0.05555555555555555,39.27891091264656,24.97633087098002,4.5466921944642325,9.155403559971834,352.74074074074076
32,OGWM_103,no_TMS,compatible,valid,6.658536585365853,464.219512195122,667.9024390243902,768.3150684931506,845.780487804878,1.0,699.560975609756,1.0,0.036585365853658534,0.06097560975609756,55.30323707480919,25.359419910017007,8.793513472067993,12.076721447732462,381.5609756097561
33,OGWM_103,no_TMS,incompatible,invalid,2.9876543209876543,529.6666666666666,732.7777777777778,825.7671232876712,931.7777777777778,1.0,727.283950617284,0.9753086419753086,0.024691358024691357,0.09876543209876543,21.22755692444952,16.452434472952284,8.84897463608105,15.382287231600023,402.1111111111111
34,OGWM_103,no_TMS,incompatible,neutral,5.470588235294118,497.2156862745098,757.0588235294117,832.7619047619048,916.7843137254902,1.0,673.1372549019608,0.9411764705882353,0.09803921568627451,0.13725490196078433,32.59257284238937,21.546545860329637,14.985095553339711,21.754663918164713,419.5686274509804
35,OGWM_103,no_TMS,incompatible,valid,6.7,500.1,689.4,777.9473684210526,887.6,1.0,691.6,1.0,0.05,0.05,108.84196205871572,106.21267230961021,8.22748218485528,10.987344138477948,387.5
36,OGWM_104,PFC_cTBS,compatible,invalid,4.8,579.4,757.3,865.375,945.3,1.0,644.75,1.0,0.0,0.0,88.71808309643588,88.80691837238969,1.9574421616953999,2.5624282027959966,365.9
37,OGWM_104,PFC_cTBS,compatible,neutral,5.264150943396227,539.4150943396227,747.8679245283018,886.2045454545455,953.5094339622641,1.0,635.3207547169811,0.9811320754716981,0.018867924528301886,0.03773584905660377,54.04093756153391,73.57573022759641,6.4672378143095575,8.137140383472298,414.0943396226415
38,OGWM_104,PFC_cTBS,compatible,valid,4.975609756097561,514.780487804878,671.5853658536586,798.65625,864.329268292683,1.0,794.0975609756098,0.9390243902439024,0.0,0.0,22.29844143368112,43.994294484428664,2.7865755248830677,4.066721297000926,349.5487804878049
39,OGWM_104,PFC_cTBS,incompatible,invalid,4.6625,768.325,1002.15,1116.6119402985075,1199.775,1.0,596.95,0.9625,0.05,0.1125,23.592192174712846,8.942290168180303,8.999010879894225,16.558230345296238,431.45
40,OGWM_104,PFC_cTBS,incompatible,neutral,5.325581395348837,757.3720930232558,957.8837209302326,1086.6944444444443,1162.1860465116279,1.0,556.0,0.9534883720930233,0.023255813953488372,0.06976744186046512,31.4697917225256,19.358010234467745,6.584210238108037,11.799322551473523,404.8139534883721
41,OGWM_104,PFC_cTBS,incompatible,valid,4.85,643.2,959.3,1093.1176470588234,1157.4,1.0,659.05,1.0,0.15,0.25,11.316399226413273,1.67124878473102,21.175853427784777,30.30256770170748,514.2
42,OGWM_104,PFC_iTBS,compatible,invalid,7.391304347826087,563.1739130434783,728.6521739130435,806.2,933.9130434782609,1.0,624.2608695652174,1.0,0.0,0.0,22.347889406953165,7.276593606064833,2.760676175002281,3.1055282474888277,370.7391304347826
43,OGWM_104,PFC_iTBS,compatible,neutral,2.6226415094339623,543.0566037735849,721.622641509434,837.7209302325581,938.433962264151,1.0,662.8301886792453,1.0,0.0,0.0,43.922167919400025,51.32519771881151,2.5660851240122007,3.3296457635973704,395.37735849056605
44,OGWM_104,PFC_iTBS,compatible,valid,4.988095238095238,508.4047619047619,681.0,791.986301369863,902.3333333333334,1.0,592.3809523809524,0.9880952380952381,0.0,0.03571428571428571,17.962071926334243,23.146983543611015,4.6348672981348935,8.059259975152148,393.92857142857144
45,OGWM_104,PFC_iTBS,incompatible,invalid,7.213333333333333,700.7066666666667,925.32,1008.1818181818181,1139.52,1.0,534.3866666666667,0.9866666666666667,0.06666666666666667,0.09333333333333334,28.114594066376103,48.56076339687373,9.634342450407432,13.484143663301833,438.81333333333333
46,OGWM_104,PFC_iTBS,incompatible,neutral,2.6,702.84,954.72,1064.9333333333334,1175.52,1.0,601.22,0.98,0.1,0.16,14.713159378154947,29.304190489132402,17.981192984847226,25.393091789164785,472.68
47,OGWM_104,PFC_iTBS,incompatible,valid,5.05,634.2,887.9,933.4444444444445,1110.3,1.0,516.65,1.0,0.15,0.15,55.374212691558895,55.04582214264194,25.50697430668668,25.34010898020917,476.1
48,OGWM_104,no_TMS,compatible,invalid,4.0,619.25,853.5,959.7619047619048,1082.0,1.0,590.1666666666666,1.0,0.0,0.0,29.91060922001087,45.29288157443397,3.092456566106982,5.639578556775615,462.75
49,OGWM_104,no_TMS,compatible,neutral,5.333333333333333,586.3921568627451,804.8039215686274,914.3571428571429,1007.3333333333334,1.0,603.5098039215686,0.6666666666666666,0.0,0.0196078431372549,-44.815026696412616,-54.79177642623115,4.0846100468604964,8.467698992751531,420.94117647058823
50,OGWM_104,no_TMS,compatible,valid,5.536585365853658,476.9146341463415,648.7439024390244,775.6025641025641,883.2560975609756,1.0,653.109756097561,0.9878048780487805,0.0,0.0,-8.939067441255581,4.299741465913924,3.554012617103997,4.402065220310309,406.3414634146341
51,OGWM_104,no_TMS,incompatible,invalid,4.0,780.9350649350649,1017.3246753246754,1120.7285714285715,1252.1688311688313,1.0,566.987012987013,0.974025974025974,0.012987012987012988,0.025974025974025976,27.74312806180173,1.3543854323242706,5.228629320467524,7.046152281028216,471.23376623376623
52,OGWM_104,no_TMS,incompatible,neutral,5.723404255319149,678.0,933.8936170212766,1040.6304347826087,1141.872340425532,1.0,662.8297872340426,0.5957446808510638,0.02127659574468085,0.0851063829787234,-15.126136327181786,9.7065684323596,6.995991972476318,12.77689537233264,463.8723404255319
53,OGWM_104,no_TMS,incompatible,valid,6.0,715.2,1021.4,1165.9411764705883,1236.9,1.0,570.75,0.95,0.1,0.2,58.33819927714579,61.3432515146156,17.269882791365866,31.675755448093774,521.7
54,OGWM_105,PFC_cTBS,compatible,invalid,7.0,496.75,634.3333333333334,778.9166666666666,861.8333333333334,1.0,455.5416666666667,1.0,0.0,0.041666666666666664,12.58008062132412,-3.375728545912242,4.292176232597946,8.346508597506975,365.0833333333333
55,OGWM_105,PFC_cTBS,compatible,neutral,1.9615384615384615,472.9807692307692,612.1538461538462,717.5576923076923,814.9807692307693,1.0,453.96153846153845,1.0,0.019230769230769232,0.038461538461538464,-8.65676565301424,4.477542544877907,4.920061629017847,6.574687404886107,342.0
56,OGWM_105,PFC_cTBS,compatible,valid,6.0,476.30120481927713,600.4457831325301,713.1686746987951,811.7831325301205,1.0,478.1566265060241,0.9879518072289156,0.024096385542168676,0.024096385542168676,4.717288494046421,0.029401653767755272,4.601814000119412,5.873825137235088,335.48192771084337
57,OGWM_105,PFC_cTBS,incompatible,invalid,7.051282051282051,511.71794871794873,683.4871794871794,804.0,897.7051282051282,1.0,495.88461538461536,0.9871794871794872,0.0641025641025641,0.15384615384615385,18.5547205853908,23.818478246891818,11.254207871284061,16.865321888490254,385.9871794871795
58,OGWM_105,PFC_cTBS,incompatible,neutral,2.0,491.7,658.78,766.6,869.36,1.0,461.76,1.0,0.06,0.1,-5.995647792915829,11.467446553171806,11.834326921581114,17.81412801412787,377.66
59,OGWM_105,PFC_cTBS,incompatible,valid,6.0,499.8181818181818,688.3636363636364,783.4090909090909,887.3636363636364,1.0,472.6818181818182,1.0,0.13636363636363635,0.13636363636363635,2.882198202603968,-12.13130658878136,14.775942683625699,17.808454354830314,387.54545454545456
60,OGWM_105,PFC_iTBS,compatible,invalid,4.086956521739131,486.2173913043478,631.5217391304348,752.3913043478261,863.0434782608696,1.0,510.7826086956522,0.9565217391304348,0.043478260869565216,0.043478260869565216,-33.993470589088744,-47.79723528015908,7.682094520711641,9.815387212840731,376.82608695652175
61,OGWM_105,PFC_iTBS,compatible,neutral,4.75,482.38461538461536,619.5576923076923,747.5384615384615,866.3461538461538,1.0,460.25,1.0,0.019230769230769232,0.019230769230769232,25.75753737814277,32.55573118158484,4.618149578349234,5.937709393922358,383.96153846153845
62,OGWM_105,PFC_iTBS,compatible,valid,6.3,478.4875,608.2625,725.7375,834.7875,1.0,488.475,0.975,0.0375,0.05,-0.11675353931795947,-9.207794002106072,8.291643470508165,9.034032192656365,356.3
63,OGWM_105,PFC_iTBS,incompatible,invalid,3.9876543209876543,555.1358024691358,736.6666666666666,839.1625,970.7283950617284,1.0,503.25925925925924,0.9876543209876543,0.06172839506172839,0.09876543209876543,45.632138470160456,56.008455957988765,12.30545875750174,15.615158110763323,415.5925925925926
64,OGWM_105,PFC_iTBS,incompatible,neutral,4.653846153846154,514.1346153846154,690.1923076923077,812.6666666666666,920.0192307692307,1.0,527.5961538461538,1.0,0.057692307692307696,0.09615384615384616,73.46581834000925,58.080503849348716,12.065116039663913,17.604390436248277,405.88461538461536
65,OGWM_105,PFC_iTBS,incompatible,valid,6.391304347826087,513.0,668.8260869565217,761.6086956521739,872.0869565217391,1.0,514.8260869565217,1.0,0.08695652173913043,0.13043478260869565,23.514797303402574,37.576371295364055,10.41775776810399,12.307613305962358,359.0869565217391
66,OGWM_105,no_TMS,compatible,invalid,6.190476190476191,498.3333333333333,655.1904761904761,739.4761904761905,835.8095238095239,1.0,507.7142857142857,0.9523809523809523,0.047619047619047616,0.047619047619047616,37.330468430835566,53.26642768007129,6.9090369976579735,8.405779847289166,337.4761904761905
67,OGWM_105,no_TMS,compatible,neutral,3.3333333333333335,462.921568627451,596.2352941176471,704.02,811.0980392156863,1.0,493.84313725490193,1.0,0.0196078431372549,0.0196078431372549,39.874204045380765,39.0340990712215,5.023522296685769,6.266774550681406,348.1764705882353
68,OGWM_105,no_TMS,compatible,valid,5.7073170731707314,464.219512195122,605.8536585365854,703.716049382716,794.0,1.0,508.780487804878,1.0,0.024390243902439025,0.036585365853658534,29.006241591832033,13.903055436887282,5.1463286591239,7.7914090237511004,329.780487804878
69,OGWM_105,no_TMS,incompatible,invalid,6.012345679012346,519.1728395061729,656.2716049382716,761.0246913580247,860.1481481481482,1.0,483.7037037037037,0.9753086419753086,0.04938271604938271,0.07407407407407407,8.763526930596717,18.176180608608405,7.218416555671934,9.67932252365178,340.9753086419753
70,OGWM_105,no_TMS,incompatible,neutral,3.3653846153846154,499.71153846153845,660.0,758.9230769230769,851.5384615384615,1.0,502.9423076923077,0.9807692307692307,0.057692307692307696,0.07692307692307693,80.78949354384234,57.851234121937594,7.653960937291517,10.881219338398507,351.8269230769231
71,OGWM_105,no_TMS,incompatible,valid,5.666666666666667,514.0416666666666,674.4583333333334,784.5416666666666,861.7083333333334,1.0,497.1666666666667,1.0,0.125,0.125,25.934080700451148,39.377557071458035,14.587907322148183,16.712709535771562,347.6666666666667
72,OGWM_106,PFC_cTBS,compatible,invalid,4.85,581.1,871.3,982.7894736842105,1108.2,1.0,798.75,0.85,0.0,0.15,-30.585428146366098,-15.318311683645451,7.297485402880118,23.98391848148057,527.1
73,OGWM_106,PFC_cTBS,compatible,neutral,3.82,534.04,749.04,889.4166666666666,1030.68,1.0,774.02,0.96,0.0,0.06,-12.985362092199367,-2.384074439894436,8.26195339642216,15.65625510742622,496.64
74,OGWM_106,PFC_cTBS,compatible,valid,6.0394736842105265,607.5131578947369,873.0921052631579,939.2089552238806,1095.5131578947369,1.0,846.328947368421,0.9605263157894737,0.013157894736842105,0.05263157894736842,-2.224059132103052,-9.51381256436794,9.851073307358154,14.469005697389106,488.0
75,OGWM_106,PFC_cTBS,incompatible,invalid,4.773333333333333,619.28,892.5333333333333,1005.536231884058,1147.5066666666667,1.0,783.76,0.9333333333333333,0.05333333333333334,0.10666666666666667,-18.02483868064532,-2.188920524601048,12.692297638192905,20.132258971202294,528.2266666666667
76,OGWM_106,PFC_cTBS,incompatible,neutral,3.5,585.4166666666666,850.2708333333334,956.825,1061.2916666666667,1.0,763.2708333333334,0.9791666666666666,0.0625,0.20833333333333334,-19.672529490895656,-18.37662509797444,12.14584199145896,22.064811467719124,475.875
77,OGWM_106,PFC_cTBS,incompatible,valid,6.086956521739131,510.9130434782609,772.6521739130435,881.2727272727273,1025.7826086956522,1.0,824.7826086956521,0.9565217391304348,0.13043478260869565,0.21739130434782608,22.167134021947355,3.9632905982686735,23.86150763493792,31.3825902270207,514.8695652173913
78,OGWM_106,PFC_iTBS,compatible,invalid,6.909090909090909,637.6363636363636,838.9090909090909,966.1428571428571,1025.0,1.0,631.3181818181819,1.0,0.0,0.0,-15.427707303490086,0.3821703166688234,8.12964225486843,8.378328830055672,387.3636363636364
79,OGWM_106,PFC_iTBS,compatible,neutral,3.2830188679245285,715.7924528301887,961.9433962264151,1054.450980392157,1153.2830188679245,1.0,695.5283018867924,0.9622641509433962,0.0,0.03773584905660377,31.181035764258112,19.170322099555587,9.169170739651358,13.976914304134056,437.49056603773585
80,OGWM_106,PFC_iTBS,compatible,valid,4.626506024096385,757.2530120481928,981.9879518072289,1062.1891891891892,1172.987951807229,1.0,577.2168674698795,0.9879518072289156,0.012048192771084338,0.012048192771084338,-33.312284699851986,-15.955508430378364,8.474610383314834,9.50109874008921,415.73493975903614
81,OGWM_106,PFC_iTBS,incompatible,invalid,7.0,657.1975308641976,889.074074074074,996.974358974359,1121.432098765432,1.0,618.2716049382716,0.9876543209876543,0.037037037037037035,0.1111111111111111,-7.613341310209997,1.0877491501300471,10.65032049461999,17.853103564793486,464.2345679012346
82,OGWM_106,PFC_iTBS,incompatible,neutral,3.3773584905660377,683.188679245283,924.6981132075472,1034.2888888888888,1156.3207547169811,1.0,659.3396226415094,0.9622641509433962,0.05660377358490566,0.1320754716981132,-40.11382010868044,-40.65742538545102,14.948056990278225,21.861694282333293,473.1320754716981
83,OGWM_106,PFC_iTBS,incompatible,valid,4.666666666666667,849.0,1076.4166666666667,1224.4761904761904,1290.4166666666667,1.0,580.8333333333334,1.0,0.0,0.08333333333333333,-43.88090066268151,-59.19204213807888,8.029363887109383,13.317248633660641,441.4166666666667
84,OGWM_106,no_TMS,compatible,invalid,6.090909090909091,466.0,726.5454545454545,835.3333333333334,926.1818181818181,1.0,740.5909090909091,0.9545454545454546,0.0,0.045454545454545456,78.16241875984922,65.63530048269905,8.97773344685178,21.478288851694867,460.1818181818182
85,OGWM_106,no_TMS,compatible,neutral,4.076923076923077,492.2307692307692,701.5384615384615,827.1363636363636,912.7692307692307,1.0,653.2115384615385,0.9615384615384616,0.0,0.019230769230769232,-33.32107243518291,-53.15971948508949,5.219019007564786,8.23122466763589,420.53846153846155
86,OGWM_106,no_TMS,compatible,valid,4.666666666666667,512.047619047619,760.1666666666666,853.7313432835821,951.6428571428571,1.0,719.3690476190476,1.0,0.023809523809523808,0.03571428571428571,2.663578259859274,-13.140928797518095,8.249022239381262,10.831342529113552,439.5952380952381
87,OGWM_106,no_TMS,incompatible,invalid,6.304878048780488,586.6585365853658,840.170731707317,940.9090909090909,1047.6707317073171,1.0,725.4146341463414,0.9634146341463414,0.08536585365853659,0.14634146341463414,31.870570623922365,27.449300991833795,13.463240954091573,20.00559452196937,461.0121951219512
88,OGWM_106,no_TMS,incompatible,neutral,4.115384615384615,546.6153846153846,782.6538461538462,910.4468085106383,1005.5384615384615,1.0,700.5,0.8653846153846154,0.038461538461538464,0.11538461538461539,-5.975862582063424,16.754037078933035,11.03751364872082,16.75023695087419,458.9230769230769
89,OGWM_106,no_TMS,incompatible,valid,4.666666666666667,459.9583333333333,766.4583333333334,823.8181818181819,971.2916666666666,1.0,772.9166666666666,1.0,0.125,0.2916666666666667,-22.08109303266033,-7.189355321146459,20.142444819127935,42.6593171622975,511.3333333333333
90,OGWM_107,PFC_cTBS,compatible,invalid,6.6521739130434785,533.0869565217391,923.4347826086956,922.6521739130435,1155.3478260869565,1.0,728.7826086956521,1.0,0.2608695652173913,0.21739130434782608,-49.55566435529368,-51.86380124768139,31.56872645208558,30.36643586434018,622.2608695652174
91,OGWM_107,PFC_cTBS,compatible,neutral,1.9615384615384615,531.8076923076923,773.8846153846154,900.24,1018.0769230769231,1.0,722.75,1.0,0.09615384615384616,0.09615384615384616,28.619566863927034,33.878444980005376,20.64016821677359,22.586080136456573,486.2692307692308
92,OGWM_107,PFC_cTBS,compatible,valid,6.333333333333333,471.93333333333334,744.92,830.5774647887324,977.5466666666666,1.0,766.16,0.9866666666666667,0.10666666666666667,0.16,-31.82359497956988,-5.285909086692358,15.442761079807376,21.308486023458602,505.61333333333334
93,OGWM_107,PFC_cTBS,incompatible,invalid,6.653846153846154,523.2564102564103,940.025641025641,981.1351351351351,1169.6410256410256,1.0,780.2435897435897,0.9358974358974359,0.32051282051282054,0.3974358974358974,-9.943978079652588,-24.69352984971703,44.15667446366469,53.357082928871826,646.3846153846154
94,OGWM_107,PFC_cTBS,incompatible,neutral,2.019230769230769,541.0961538461538,829.0576923076923,920.0408163265306,1078.8846153846155,1.0,796.2115384615385,1.0,0.07692307692307693,0.15384615384615385,-19.170562324551803,-20.45870009362123,17.37562574179801,26.12947048355286,537.7884615384615
95,OGWM_107,PFC_cTBS,incompatible,valid,6.2727272727272725,477.09090909090907,772.9090909090909,823.9090909090909,1036.1818181818182,1.0,770.5909090909091,1.0,0.13636363636363635,0.18181818181818182,-26.562794498544473,-26.975970804514656,16.578578845200255,21.553737880081442,559.0909090909091
96,OGWM_107,PFC_iTBS,compatible,invalid,5.0,526.3333333333334,754.6666666666666,884.9090909090909,1023.8333333333334,1.0,828.7916666666666,1.0,0.041666666666666664,0.041666666666666664,-34.332064547119806,-20.514344958350843,11.095241433345235,13.422413466609115,497.5
97,OGWM_107,PFC_iTBS,compatible,neutral,4.76,521.82,782.06,896.3541666666666,1028.12,1.0,810.88,0.94,0.02,0.06,-5.045872441894435,18.852966780183934,10.352290156814613,16.300765153096485,506.3
98,OGWM_107,PFC_iTBS,compatible,valid,5.333333333333333,507.8641975308642,772.4567901234568,869.3376623376623,998.6913580246913,1.0,806.3456790123457,0.9382716049382716,0.04938271604938271,0.06172839506172839,12.911512684652557,9.106293720108843,10.822668749016895,14.095035336141555,490.82716049382714
99,OGWM_107,PFC_iTBS,incompatible,invalid,4.9625,572.7375,911.0875,988.0384615384615,1179.0875,1.0,866.6,0.9875,0.175,0.225,16.07812193443054,20.706281017873955,22.62330345773087,32.794736084869825,606.35
100,OGWM_107,PFC_iTBS,incompatible,neutral,4.666666666666667,543.0392156862745,902.0196078431372,986.16,1150.3333333333333,1.0,779.4705882352941,0.9803921568627451,0.17647058823529413,0.27450980392156865,-21.0131643320422,-24.497011651544092,29.262209571300748,44.374562300714516,607.2941176470588
101,OGWM_107,PFC_iTBS,incompatible,valid,5.0,503.45454545454544,888.0909090909091,920.1111111111111,1146.9545454545455,1.0,756.6363636363636,1.0,0.2727272727272727,0.45454545454545453,43.27011078714148,52.20474742510859,42.35676145619187,54.61899357936391,643.5
102,OGWM_107,no_TMS,compatible,invalid,4.333333333333333,505.6666666666667,683.0952380952381,817.0,966.1904761904761,1.0,648.0952380952381,1.0,0.047619047619047616,0.047619047619047616,-20.243163633910374,-53.899903846366755,8.117543419009627,10.757987838620606,460.5238095238095
103,OGWM_107,no_TMS,compatible,neutral,5.392156862745098,525.4901960784314,815.1372549019608,903.3488372093024,1037.450980392157,1.0,693.1960784313726,0.9019607843137255,0.13725490196078433,0.17647058823529413,-31.059960825818408,-27.748595425821886,18.773024780856133,24.115039943592677,511.96078431372547
104,OGWM_107,no_TMS,compatible,valid,5.345679012345679,468.18518518518516,731.6172839506173,823.6438356164383,958.395061728395,1.0,634.074074074074,1.0,0.06172839506172839,0.09876543209876543,-5.558437964140321,0.3525589518516722,12.686561146012707,17.045599428244355,490.2098765432099
105,OGWM_107,no_TMS,incompatible,invalid,4.197530864197531,535.8518518518518,802.320987654321,871.7727272727273,1011.9876543209876,1.0,642.9012345679013,0.9753086419753086,0.1111111111111111,0.13580246913580246,12.298327491754188,26.30188889697782,17.37829573989839,21.881180433442108,476.1358024691358
106,OGWM_107,no_TMS,incompatible,neutral,5.166666666666667,517.3958333333334,860.7708333333334,907.0217391304348,1105.7916666666667,1.0,649.875,0.9375,0.22916666666666666,0.2708333333333333,-9.794026897590548,-15.67853065332882,29.846410330913045,35.3685525801242,588.3958333333334
107,OGWM_107,no_TMS,incompatible,valid,5.476190476190476,504.85714285714283,813.5238095238095,903.1764705882352,1072.857142857143,1.0,685.9047619047619,0.9523809523809523,0.19047619047619047,0.23809523809523808,-52.84827747495731,-52.396246268626925,24.035846619593197,24.692097583636013,568.0
108,OGWM_108,PFC_cTBS,compatible,invalid,6.045454545454546,474.1818181818182,684.0,793.0909090909091,866.5454545454545,1.0,717.0909090909091,1.0,0.0,0.0,32.34183330134309,45.64200724982649,6.003442320476474,8.046552775829841,392.3636363636364
109,OGWM_108,PFC_cTBS,compatible,neutral,3.981132075471698,479.7169811320755,655.9433962264151,762.2244897959183,890.188679245283,1.0,720.0188679245283,0.9811320754716981,0.0,0.018867924528301886,16.435118815979173,35.89433300810614,4.762971435516643,7.543813464383282,410.47169811320754
110,OGWM_108,PFC_cTBS,compatible,valid,5.036144578313253,450.56626506024094,638.3253012048193,738.4285714285714,864.433734939759,1.0,673.5180722891566,0.9879518072289156,0.0,0.0,35.9312753599936,43.12559333293407,5.6513218156009515,7.640713199948994,413.86746987951807
111,OGWM_108,PFC_cTBS,incompatible,invalid,5.9523809523809526,521.3571428571429,695.3809523809524,792.4615384615385,931.5,1.0,701.6190476190476,0.9761904761904762,0.03571428571428571,0.07142857142857142,-10.157854652918463,-26.30248961276185,11.959829930559737,17.66057253167558,410.14285714285717
112,OGWM_108,PFC_cTBS,incompatible,neutral,4.056603773584905,506.2830188679245,713.2264150943396,819.8235294117648,938.9056603773585,1.0,681.5471698113207,1.0,0.09433962264150944,0.1320754716981132,7.049085892666844,2.863977936596499,14.757037342590872,19.726075632706433,432.62264150943395
113,OGWM_108,PFC_cTBS,incompatible,valid,4.863636363636363,514.2727272727273,690.8181818181819,827.7,925.7272727272727,1.0,678.7727272727273,1.0,0.045454545454545456,0.13636363636363635,45.48712472539001,57.71059832510518,8.85778309233382,20.001644896348896,411.45454545454544
114,OGWM_108,PFC_iTBS,compatible,invalid,7.0,693.25,769.2916666666666,1060.0,794.6666666666666,1.0,776.5833333333334,1.0,0.0,0.0,-14.303060525630643,-14.210432886196367,3.808522309042427,4.129886040965719,101.41666666666667
115,OGWM_108,PFC_iTBS,compatible,neutral,1.9583333333333333,680.7708333333334,741.6875,1315.0,742.625,1.0,710.5416666666666,1.0,0.0,0.0,30.028204907751284,67.06306501441954,3.4017688080817012,3.688209018692954,61.854166666666664
116,OGWM_108,PFC_iTBS,compatible,valid,6.024096385542169,691.0602409638554,753.3493975903615,1216.0,757.5903614457832,1.0,755.0240963855422,0.963855421686747,0.0,0.0,18.486106534889593,26.900127143723886,3.811164999691567,4.706850845726156,66.53012048192771
117,OGWM_108,PFC_iTBS,incompatible,invalid,6.972972972972973,747.0540540540541,812.9054054054054,1032.5,827.081081081081,1.0,806.3918918918919,1.0,0.013513513513513514,0.013513513513513514,17.183454074301995,41.11347975624191,5.630595580999863,6.069786251547401,80.02702702702703
118,OGWM_108,PFC_iTBS,incompatible,neutral,1.9795918367346939,721.2448979591836,794.2244897959183,,795.8571428571429,1.0,772.2244897959183,0.9795918367346939,0.0,0.0,25.828235143911673,39.84638654315632,3.8302981982906843,4.777822793646704,74.61224489795919
119,OGWM_108,PFC_iTBS,incompatible,valid,5.9,733.3,856.95,1175.0,873.6,1.0,764.35,1.0,0.0,0.0,87.07544218377112,86.88519570461192,4.388499443923619,4.983669529594896,140.3
120,OGWM_108,no_TMS,compatible,invalid,6.363636363636363,472.09090909090907,645.6363636363636,741.1818181818181,864.0909090909091,1.0,728.4545454545455,1.0,0.0,0.045454545454545456,32.00538155639578,2.1790626099512695,4.863353358414809,8.25995020097672,392.0
121,OGWM_108,no_TMS,compatible,neutral,4.75,545.25,703.4423076923077,813.5945945945946,856.25,1.0,825.5769230769231,1.0,0.0,0.0,47.57874692007684,74.78998680940016,4.105989561264899,5.831802913861852,311.0
122,OGWM_108,no_TMS,compatible,valid,4.011627906976744,480.9767441860465,654.7325581395348,752.9487179487179,876.5813953488372,1.0,765.3604651162791,0.9883720930232558,0.0,0.0,0.2460336282128404,8.075028817518364,4.027128828943987,5.596265397884045,395.6046511627907
123,OGWM_108,no_TMS,incompatible,invalid,6.313253012048193,548.8795180722891,746.9277108433735,883.5542168674699,978.8072289156627,1.0,776.0,1.0,0.012048192771084338,0.0963855421686747,22.473902594976362,18.752496480239984,7.203512885954052,15.898151015926377,429.9277108433735
124,OGWM_108,no_TMS,incompatible,neutral,4.7254901960784315,572.6470588235294,744.3921568627451,809.1081081081081,911.1372549019608,1.0,837.0980392156863,0.9803921568627451,0.058823529411764705,0.0784313725490196,20.12046784053818,37.67773252279217,10.685423874611198,15.766118131912123,338.4901960784314
125,OGWM_108,no_TMS,incompatible,valid,3.9,562.35,716.15,829.2631578947369,968.55,1.0,781.85,1.0,0.05,0.1,-21.175868642440456,-32.699210798927886,8.805488458419356,15.586872994652396,406.2
126,OGWM_109,PFC_cTBS,compatible,invalid,7.391304347826087,492.2173913043478,718.2173913043479,774.3684210526316,941.7391304347826,1.0,867.6086956521739,0.9565217391304348,0.0,0.043478260869565216,-66.39382763735136,-56.5043186486467,6.990867421045553,11.031841939995077,449.5217391304348
127,OGWM_109,PFC_cTBS,compatible,neutral,4.403846153846154,450.1923076923077,608.8076923076923,724.1632653061224,806.1153846153846,1.0,775.9038461538462,1.0,0.019230769230769232,0.057692307692307696,-43.822288241577695,-24.253165647877225,8.595168956135119,10.437359143768596,355.9230769230769
128,OGWM_109,PFC_cTBS,compatible,valid,3.317073170731707,438.3536585365854,589.0487804878048,712.1,841.8170731707318,1.0,845.4756097560976,1.0,0.024390243902439025,0.024390243902439025,-23.40901909101682,-44.585999444004706,8.218109694798093,10.430643006190968,403.4634146341463
129,OGWM_109,PFC_cTBS,incompatible,invalid,7.3125,511.5,692.525,794.922077922078,930.125,1.0,819.4625,0.975,0.075,0.1125,-19.96740693739647,-8.690485547382396,12.332616617444437,17.221277025687733,418.625
130,OGWM_109,PFC_cTBS,incompatible,neutral,4.269230769230769,542.4230769230769,703.6153846153846,816.2244897959183,923.9423076923077,1.0,890.2307692307693,1.0,0.019230769230769232,0.057692307692307696,-40.91308994993343,-19.88141098469291,6.07383654863438,10.625027152450865,381.5192307692308
131,OGWM_109,PFC_cTBS,incompatible,valid,3.272727272727273,508.45454545454544,692.0,759.7,909.5454545454545,1.0,791.2727272727273,1.0,0.18181818181818182,0.22727272727272727,-38.949999872726444,5.7011918673696025,21.69152396880769,25.97448067133752,401.09090909090907
132,OGWM_109,PFC_iTBS,compatible,invalid,4.809523809523809,493.95238095238096,655.2857142857143,743.6470588235294,820.7619047619048,1.0,1032.2380952380952,1.0,0.09523809523809523,0.09523809523809523,-86.7259303520746,-85.8360300118504,16.347190795235466,17.952094994463486,326.8095238095238
133,OGWM_109,PFC_iTBS,compatible,neutral,4.096153846153846,436.4807692307692,584.4230769230769,671.125,799.4423076923077,1.0,977.1730769230769,0.9615384615384616,0.0,0.038461538461538464,-79.21409185410715,-74.23703568397922,5.886646334052657,8.300815923114143,362.96153846153845
134,OGWM_109,PFC_iTBS,compatible,valid,6.023809523809524,460.95238095238096,610.5952380952381,707.7594936708861,822.1666666666666,1.0,921.9642857142857,1.0,0.011904761904761904,0.011904761904761904,-22.331555826975766,-8.995932752250027,5.802700254769998,6.927247210686171,361.2142857142857
135,OGWM_109,PFC_iTBS,incompatible,invalid,4.975,529.425,704.25,789.5333333333333,904.975,1.0,963.9,1.0,0.025,0.075,-61.455367026615605,-57.23865612490729,8.174792676265962,13.999337362106042,375.55
136,OGWM_109,PFC_iTBS,incompatible,neutral,3.9615384615384617,512.0,688.4615384615385,797.8,895.1538461538462,1.0,1038.5576923076924,0.9807692307692307,0.057692307692307696,0.09615384615384616,-9.5357915167267,-15.181139419107975,12.671324095584115,16.86465962466732,383.15384615384613
137,OGWM_109,PFC_iTBS,incompatible,valid,5.9,507.35,680.95,741.95,880.45,1.0,1067.25,1.0,0.1,0.1,-49.212378533021834,12.421375846160595,18.958708289625463,21.033430564619408,373.1
138,OGWM_109,no_TMS,compatible,invalid,6.9,562.8,787.1,897.2,1056.15,1.0,726.75,1.0,0.05,0.05,16.64514314716099,0.310224652600985,12.951988985473822,14.650154218802816,493.35
139,OGWM_109,no_TMS,compatible,neutral,4.254901960784314,528.5882352941177,683.8235294117648,811.62,943.6078431372549,1.0,773.9215686274509,1.0,0.0196078431372549,0.0196078431372549,-23.262618466516393,6.801487461810383,6.473656117343542,10.119672280636868,415.01960784313724
140,OGWM_109,no_TMS,compatible,valid,3.658536585365854,489.890243902439,660.3780487804878,766.1,903.6463414634146,1.0,735.2682926829268,1.0,0.024390243902439025,0.036585365853658534,-22.911103764902997,-36.24282886430128,9.399975891824909,11.560938891922032,413.7560975609756
141,OGWM_109,no_TMS,incompatible,invalid,6.934210526315789,606.3815789473684,794.4605263157895,898.5416666666666,1049.2236842105262,1.0,871.5657894736842,0.9736842105263158,0.09210526315789473,0.10526315789473684,4.485757025061135,3.470043002287033,14.043315944753305,17.96991009481219,442.8421052631579
142,OGWM_109,no_TMS,incompatible,neutral,4.125,575.6666666666666,745.8125,847.468085106383,1007.5625,1.0,784.4375,1.0,0.0625,0.08333333333333333,-6.215138253385457,17.293658047772514,11.946789162345837,14.870236589475928,431.8958333333333
143,OGWM_109,no_TMS,incompatible,valid,3.6666666666666665,525.1904761904761,715.1904761904761,815.4285714285714,974.0,1.0,862.6190476190476,0.9523809523809523,0.14285714285714285,0.19047619047619047,-43.99230421860712,-51.33482437457343,18.012728831198213,25.565378215378956,448.8095238095238
144,OGWM_110,PFC_cTBS,compatible,invalid,4.454545454545454,499.27272727272725,616.8181818181819,733.7777777777778,847.0,1.0,556.0,1.0,0.0,0.0,-0.5412997817107713,-1.247209774947401,4.388294930566127,4.497521456873793,347.72727272727275
145,OGWM_110,PFC_cTBS,compatible,neutral,3.3333333333333335,470.1296296296296,623.6851851851852,716.4444444444445,804.9074074074074,1.0,539.0925925925926,0.9814814814814815,0.018518518518518517,0.018518518518518517,29.793452085502025,22.814731678300518,5.81974215762326,6.563190907535231,334.77777777777777
146,OGWM_110,PFC_cTBS,compatible,valid,7.375,428.575,543.85,651.8125,746.65,1.0,565.275,0.9875,0.0125,0.0125,5.114648576118816,-12.679347512494818,4.456389746029479,5.599122841827706,318.075
147,OGWM_110,PFC_cTBS,incompatible,invalid,4.3924050632911396,550.4050632911392,713.0379746835443,782.876923076923,878.3417721518987,1.0,580.7721518987341,1.0,0.05063291139240506,0.08860759493670886,25.817615952717667,43.23790449488808,8.400322678322947,14.24498259590068,327.9367088607595
148,OGWM_110,PFC_cTBS,incompatible,neutral,3.392156862745098,553.6274509803922,749.4705882352941,801.8837209302326,928.9607843137255,1.0,597.3333333333334,1.0,0.09803921568627451,0.11764705882352941,40.01754402532595,57.39355351641957,15.767081542975651,19.271897024456134,375.3333333333333
149,OGWM_110,PFC_cTBS,incompatible,valid,7.333333333333333,537.6666666666666,702.6666666666666,757.6,883.5833333333334,1.0,564.125,1.0,0.125,0.16666666666666666,-3.647975724376772,1.6826985948043915,23.366972672469615,29.605211443055726,345.9166666666667
150,OGWM_110,PFC_iTBS,compatible,invalid,6.333333333333333,468.0833333333333,610.0,682.1,791.3333333333334,1.0,611.1666666666666,1.0,0.041666666666666664,0.041666666666666664,18.78223495502094,3.638277970583619,6.263916736892871,6.449136835830406,323.25
151,OGWM_110,PFC_iTBS,compatible,neutral,4.981132075471698,416.7169811320755,558.5471698113207,648.6904761904761,743.1698113207547,1.0,604.8867924528302,1.0,0.0,0.0,29.032814972132783,35.4402654420227,4.365763892401705,5.378028223422506,326.45283018867923
152,OGWM_110,PFC_iTBS,compatible,valid,3.6867469879518073,418.49397590361446,552.2048192771084,649.5263157894736,744.8192771084338,1.0,573.7590361445783,0.9879518072289156,0.012048192771084338,0.012048192771084338,13.841756386774492,35.31318688092158,4.728141139138094,5.118258749270555,326.32530120481925
153,OGWM_110,PFC_iTBS,incompatible,invalid,6.308641975308642,542.4567901234568,694.7777777777778,784.8507462686567,883.1358024691358,1.0,577.0617283950618,0.9876543209876543,0.024691358024691357,0.04938271604938271,-45.62212709318348,-49.445100963975364,6.679907229273693,9.564452041163186,340.679012345679
154,OGWM_110,PFC_iTBS,incompatible,neutral,4.918367346938775,542.2244897959183,699.9795918367347,781.1,886.7755102040817,1.0,624.469387755102,0.9387755102040817,0.02040816326530612,0.061224489795918366,8.63434871807457,14.796288724654177,6.043410833583358,8.88932632531548,344.55102040816325
155,OGWM_110,PFC_iTBS,incompatible,valid,3.6842105263157894,541.3157894736842,691.5263157894736,713.1333333333333,860.1052631578947,1.0,627.5263157894736,1.0,0.0,0.05263157894736842,-28.736811558076162,-14.14139860387852,4.153184146005491,8.908261170425641,318.7894736842105
156,OGWM_110,no_TMS,compatible,invalid,5.869565217391305,469.17391304347825,669.1304347826087,782.1,845.7826086956521,1.0,707.5652173913044,1.0,0.0,0.0,23.79682517652408,23.23817156730038,3.453250946533653,5.179416742109129,376.60869565217394
157,OGWM_110,no_TMS,compatible,neutral,2.30188679245283,457.64150943396226,636.2641509433962,747.0,886.1132075471698,1.0,776.188679245283,0.9245283018867925,0.0,0.0,-30.564187359785073,-3.3037159090237935,4.84760785581382,5.390655517655386,428.47169811320754
158,OGWM_110,no_TMS,compatible,valid,6.6375,442.975,597.2,720.3924050632911,825.225,1.0,758.775,1.0,0.0,0.0,9.049947522001379,-8.562332558008567,3.338948082885156,4.064575231512866,382.25
159,OGWM_110,no_TMS,incompatible,invalid,6.151898734177215,601.4683544303797,796.7341772151899,865.1875,979.9367088607595,1.0,755.9873417721519,0.9873417721518988,0.012658227848101266,0.0379746835443038,-3.788932025607522,28.408422387459837,5.177423509671798,7.884379473932438,378.46835443037975
160,OGWM_110,no_TMS,incompatible,neutral,2.466666666666667,636.4222222222222,827.5777777777778,928.0952380952381,1042.2,1.0,843.1111111111111,0.9333333333333333,0.0,0.022222222222222223,-4.140807721447912,18.14623930444311,4.283583175897187,7.183826494191402,405.77777777777777
161,OGWM_110,no_TMS,incompatible,valid,6.7272727272727275,606.9090909090909,819.7727272727273,895.85,1012.8181818181819,1.0,874.7727272727273,1.0,0.045454545454545456,0.045454545454545456,-12.880666428595282,-60.978697987713716,7.14495095923941,8.136790713584524,405.90909090909093
162,OGWM_111,PFC_cTBS,compatible,invalid,5.391304347826087,485.2608695652174,642.5652173913044,766.0909090909091,840.4347826086956,1.0,803.2173913043479,1.0,0.0,0.0,-8.436426612355252,7.310378681243611,3.704230531642925,5.2720029698685416,355.17391304347825
163,OGWM_111,PFC_cTBS,compatible,neutral,2.6792452830188678,457.9433962264151,630.5283018867924,729.734693877551,815.5283018867924,1.0,880.433962264151,1.0,0.0,0.0,-30.744931582784375,-30.61520482908054,3.3549541162247327,3.5935750636769055,357.58490566037733
164,OGWM_111,PFC_cTBS,compatible,valid,6.987804878048781,432.3658536585366,592.1463414634146,708.1168831168832,808.0731707317074,1.0,748.890243902439,1.0,0.012195121951219513,0.024390243902439025,2.466423709449072,6.3891305285062625,5.1089089170548565,6.676494044747667,375.7073170731707
165,OGWM_111,PFC_cTBS,incompatible,invalid,5.373493975903615,501.96385542168673,686.4698795180723,791.0277777777778,889.4939759036145,1.0,752.8795180722891,0.9879518072289156,0.012048192771084338,0.07228915662650602,56.43957071119918,43.19893180722564,4.866474862143478,13.987982583355123,387.5301204819277
166,OGWM_111,PFC_cTBS,incompatible,neutral,2.76,519.22,670.4,786.1,882.44,1.0,916.3,0.98,0.02,0.04,4.07672565054149,23.562336829095692,7.227498594162446,10.800046021277058,363.22
167,OGWM_111,PFC_cTBS,incompatible,valid,7.0,519.7272727272727,728.0,817.0,916.8181818181819,1.0,858.3181818181819,1.0,0.09090909090909091,0.09090909090909091,18.94746644826083,17.013241175052034,10.139784977974514,13.683772905895257,397.09090909090907
168,OGWM_111,PFC_iTBS,compatible,invalid,4.869565217391305,438.9130434782609,596.9130434782609,686.1428571428571,776.8695652173913,1.0,667.0434782608696,1.0,0.0,0.0,24.106180591092812,40.131788048168765,5.83803690898349,7.270899367412531,337.95652173913044
169,OGWM_111,PFC_iTBS,compatible,neutral,4.461538461538462,425.21153846153845,599.4807692307693,704.1428571428571,762.5769230769231,1.0,634.9230769230769,1.0,0.0,0.019230769230769232,-74.54984012956436,-59.52047544090302,4.064076240581237,5.742259898839647,337.36538461538464
170,OGWM_111,PFC_iTBS,compatible,valid,5.626506024096385,412.50602409638554,560.6987951807229,657.4084507042254,742.9036144578313,1.0,678.7349397590361,1.0,0.0,0.024096385542168676,-10.647431118088138,-3.9549827125608226,4.572724119322814,8.11692848411395,330.3975903614458
171,OGWM_111,PFC_iTBS,incompatible,invalid,5.024096385542169,456.3975903614458,626.2289156626506,740.7432432432432,813.3975903614457,1.0,647.2289156626506,0.9879518072289156,0.03614457831325301,0.08433734939759036,-20.27878956361483,-17.75154284716985,10.267272048522903,15.046970673660967,357.0
172,OGWM_111,PFC_iTBS,incompatible,neutral,4.269230769230769,447.63461538461536,635.0192307692307,742.2380952380952,823.3846153846154,1.0,665.4230769230769,1.0,0.019230769230769232,0.11538461538461539,-1.0677569950114356,17.272526954563965,5.69447092064606,14.32707118870497,375.75
173,OGWM_111,PFC_iTBS,incompatible,valid,5.363636363636363,456.6363636363636,642.4545454545455,748.1111111111111,831.4545454545455,1.0,822.1363636363636,0.9545454545454546,0.045454545454545456,0.13636363636363635,-1.3449408126520461,-3.331419850572211,9.928894432646182,21.07167586566052,374.8181818181818
174,OGWM_111,no_TMS,compatible,invalid,5.565217391304348,521.7826086956521,673.3478260869565,790.7272727272727,866.2173913043479,1.0,788.8260869565217,1.0,0.0,0.0,9.071785481536969,-67.10297944236062,2.752351585638766,4.542248376950451,344.4347826086956
175,OGWM_111,no_TMS,compatible,neutral,3.6792452830188678,486.0,666.4716981132076,757.8541666666666,847.3584905660377,1.0,720.6037735849056,1.0,0.018867924528301886,0.018867924528301886,9.270165933361245,-3.6077523363409068,6.1424099439742275,7.655615826107608,361.35849056603774
176,OGWM_111,no_TMS,compatible,valid,5.625,459.4125,597.0875,730.379746835443,821.0125,1.0,679.175,1.0,0.0,0.0,-26.337388786649946,-21.45894424189312,4.024251727210934,4.793357655956054,361.6
177,OGWM_111,no_TMS,incompatible,invalid,5.743589743589744,507.0,690.7948717948718,781.2222222222222,865.2307692307693,1.0,741.0512820512821,1.0,0.02564102564102564,0.0641025641025641,-9.686610317664869,-6.44364373262699,7.307044466723958,14.692995063208796,358.2307692307692
178,OGWM_111,no_TMS,incompatible,neutral,3.7755102040816326,502.53061224489795,684.265306122449,783.0444444444445,895.0408163265306,1.0,736.7551020408164,1.0,0.02040816326530612,0.04081632653061224,-14.750263565213507,-7.194451624236203,8.367076989105257,12.005688907706642,392.51020408163265
179,OGWM_111,no_TMS,incompatible,valid,5.842105263157895,508.89473684210526,696.6842105263158,817.8888888888889,873.2631578947369,1.0,720.0,1.0,0.10526315789473684,0.15789473684210525,19.382451549093116,26.168159249488415,14.161945880525387,18.0675110810903,364.36842105263156
180,OGWM_112,PFC_cTBS,compatible,invalid,7.043478260869565,543.2608695652174,711.8695652173913,827.4347826086956,940.9565217391304,1.0,646.3478260869565,1.0,0.0,0.0,8.241751153485517,23.909255185453368,2.682319971532226,3.424440249798287,397.69565217391306
181,OGWM_112,PFC_cTBS,compatible,neutral,4.755102040816326,536.8163265306123,700.4285714285714,803.7291666666666,926.8367346938776,1.0,654.7551020408164,1.0,0.02040816326530612,0.02040816326530612,28.25508327424226,28.104512867038956,7.284080019937957,7.88334674077809,390.0204081632653
182,OGWM_112,PFC_cTBS,compatible,valid,2.988095238095238,501.9166666666667,657.25,772.8170731707318,893.1309523809524,1.0,660.1547619047619,1.0,0.047619047619047616,0.047619047619047616,39.02981901358315,39.0529221310603,10.365007174656677,11.111038684759407,391.2142857142857
183,OGWM_112,PFC_cTBS,incompatible,invalid,7.0,559.0240963855422,705.8915662650602,826.390243902439,946.9879518072289,1.0,632.9638554216867,1.0,0.0,0.012048192771084338,11.42646265992894,16.90125544844845,3.669090604881213,5.695921960315676,387.96385542168673
184,OGWM_112,PFC_cTBS,incompatible,neutral,5.076923076923077,542.0769230769231,678.1538461538462,794.8076923076923,930.4807692307693,1.0,664.9230769230769,0.9807692307692307,0.0,0.019230769230769232,21.020261473880012,40.2321693992271,4.093618318740378,6.788905445411256,388.40384615384613
185,OGWM_112,PFC_cTBS,incompatible,valid,3.0,551.3478260869565,687.6086956521739,801.5217391304348,917.9130434782609,1.0,647.5652173913044,0.9565217391304348,0.0,0.0,99.39921432447059,83.68616972697559,3.900627902164629,4.716797912218222,366.5652173913044
186,OGWM_112,PFC_iTBS,compatible,invalid,5.818181818181818,556.0,668.8181818181819,773.5454545454545,879.8181818181819,1.0,640.6363636363636,1.0,0.0,0.045454545454545456,1.4028146684185119,13.213106969936975,3.512602325538247,7.956662673417367,323.8181818181818
187,OGWM_112,PFC_iTBS,compatible,neutral,4.056603773584905,531.4905660377359,666.9433962264151,757.58,868.1320754716982,1.0,716.3584905660377,1.0,0.03773584905660377,0.07547169811320754,94.40581597397117,127.06069314767653,5.998437616850415,8.54856509291453,336.64150943396226
188,OGWM_112,PFC_iTBS,compatible,valid,4.988095238095238,504.2857142857143,609.8571428571429,707.219512195122,827.8809523809524,1.0,670.3571428571429,0.9880952380952381,0.011904761904761904,0.023809523809523808,61.19982102505531,72.48948425905668,5.308982212102785,6.595908590914473,323.5952380952381
189,OGWM_112,PFC_iTBS,incompatible,invalid,6.2,568.275,684.65,786.1168831168832,888.625,1.0,704.825,1.0,0.0,0.0375,-21.752260640331894,2.124085716041953,3.6683959841391216,7.055725931029471,320.35
190,OGWM_112,PFC_iTBS,incompatible,neutral,3.980769230769231,568.2307692307693,680.3076923076923,775.9591836734694,889.1538461538462,1.0,781.4038461538462,1.0,0.019230769230769232,0.019230769230769232,73.76711522052928,94.06654072333018,4.041022995643415,4.915326342271522,320.9230769230769
191,OGWM_112,PFC_iTBS,incompatible,valid,5.043478260869565,539.0869565217391,657.695652173913,747.695652173913,864.4347826086956,1.0,762.3478260869565,0.9565217391304348,0.08695652173913043,0.08695652173913043,17.906953347319522,33.33595025280087,14.801361765190203,15.478057298843638,325.3478260869565
192,OGWM_112,no_TMS,compatible,invalid,6.136363636363637,636.0909090909091,800.1818181818181,909.0909090909091,1036.8181818181818,1.0,684.8181818181819,1.0,0.045454545454545456,0.045454545454545456,8.69720462067095,8.364849242030216,11.489704754865494,13.035135411715027,400.72727272727275
193,OGWM_112,no_TMS,compatible,neutral,2.42,580.98,737.4,852.74,968.04,1.0,647.66,1.0,0.02,0.02,19.837435776183327,12.9631023892799,5.3750963309248325,5.726135779971109,387.06
194,OGWM_112,no_TMS,compatible,valid,6.686746987951807,564.2048192771084,684.9759036144578,804.170731707317,935.4216867469879,1.0,627.6385542168674,1.0,0.012048192771084338,0.012048192771084338,34.08681333529124,38.671240482999366,5.707869819955861,6.40804381015551,371.2168674698795
195,OGWM_112,no_TMS,incompatible,invalid,6.038461538461538,594.8205128205128,735.8717948717949,849.4935064935065,986.1538461538462,1.0,644.5769230769231,1.0,0.01282051282051282,0.01282051282051282,30.08394737548393,21.364526243662226,5.980563679170351,6.386771452516564,391.3333333333333
196,OGWM_112,no_TMS,incompatible,neutral,2.392156862745098,586.3137254901961,724.1372549019608,839.9183673469388,958.8039215686274,1.0,677.1764705882352,1.0,0.0,0.0,78.9918124298791,71.35662505855333,3.330134454971063,4.596218005440479,372.4901960784314
197,OGWM_112,no_TMS,incompatible,valid,6.809523809523809,573.1904761904761,731.0952380952381,848.4285714285714,948.1904761904761,1.0,631.2380952380952,1.0,0.0,0.0,-76.42749905590465,-42.031695752914736,2.790304461953873,3.2792318279359476,375.0
198,OGWM_113,PFC_cTBS,compatible,invalid,3.9545454545454546,523.7727272727273,754.9545454545455,831.3181818181819,1015.6818181818181,1.0,934.5454545454545,0.9545454545454546,0.09090909090909091,0.13636363636363635,-79.9581537826897,-65.38030553837862,10.755112647206472,12.95656014833288,491.90909090909093
199,OGWM_113,PFC_cTBS,compatible,neutral,3.3333333333333335,558.6078431372549,781.5294117647059,888.76,1070.4901960784314,1.0,984.0196078431372,0.9607843137254902,0.058823529411764705,0.0784313725490196,-18.584839432883115,-31.959839599586367,10.75257625478271,13.380717286326144,511.88235294117646
200,OGWM_113,PFC_cTBS,compatible,valid,7.7125,392.45,575.7,710.3246753246754,832.0625,1.0,941.3,1.0,0.0375,0.05,-9.942841997683562,0.7386907862670611,10.069231151224278,13.125578073350084,439.6125
201,OGWM_113,PFC_cTBS,incompatible,invalid,3.835616438356164,579.3561643835617,879.986301369863,900.6901408450705,1139.2328767123288,1.0,958.4931506849315,0.9452054794520548,0.2602739726027397,0.3150684931506849,-43.255818126061335,-35.677450045259526,32.660270668140214,34.85489696837567,559.8767123287671
202,OGWM_113,PFC_cTBS,incompatible,neutral,3.3137254901960786,599.4705882352941,879.8823529411765,894.64,1129.0392156862745,1.0,978.9607843137255,1.0,0.21568627450980393,0.2549019607843137,0.6257774119284829,19.741679648217875,23.826975047923074,31.320629277694543,529.5686274509804
203,OGWM_113,PFC_cTBS,incompatible,valid,7.5,514.8,953.55,818.7647058823529,1159.8,1.0,962.85,0.85,0.45,0.4,-18.123417689705978,-16.64079890855328,42.604196372706234,43.31526811643705,645.0
204,OGWM_113,PFC_iTBS,compatible,invalid,7.0,407.8333333333333,626.4166666666666,687.25,855.4166666666666,1.0,844.3333333333334,0.9166666666666666,0.125,0.16666666666666666,1.401501871488365,4.887280437499214,19.766510443077156,25.689420248198374,447.5833333333333
205,OGWM_113,PFC_iTBS,compatible,neutral,2.980769230769231,445.5769230769231,622.5384615384615,747.8235294117648,873.0769230769231,1.0,913.8461538461538,0.9807692307692307,0.038461538461538464,0.057692307692307696,-23.838541795885572,-44.95805733800269,9.627992995083064,12.101936159454683,427.5
206,OGWM_113,PFC_iTBS,compatible,valid,4.940476190476191,408.1190476190476,596.6666666666666,722.6585365853658,897.5238095238095,1.0,1001.6428571428571,0.9523809523809523,0.023809523809523808,0.07142857142857142,-21.847770005729235,-35.70206291565561,9.194313228322956,13.001265571439738,489.4047619047619
207,OGWM_113,PFC_iTBS,incompatible,invalid,6.949367088607595,457.1518987341772,729.7088607594936,797.1558441558442,1035.126582278481,1.0,873.5443037974684,0.9746835443037974,0.21518987341772153,0.24050632911392406,-11.84233423470142,-9.281194146954805,29.593343563349293,35.82416944904067,577.9746835443038
208,OGWM_113,PFC_iTBS,incompatible,neutral,3.04,525.48,832.52,898.4166666666666,1144.68,1.0,933.46,0.98,0.28,0.36,-42.33939309973506,-31.9760446054366,33.15886943010864,43.1535284201713,619.2
209,OGWM_113,PFC_iTBS,incompatible,valid,4.65,520.3,845.4,910.7894736842105,1135.0,1.0,1059.4,1.0,0.35,0.35,-57.65908749484744,-38.76226485124042,37.15365112932888,37.24142182555792,614.7
210,OGWM_113,no_TMS,compatible,invalid,5.086956521739131,446.39130434782606,670.4782608695652,811.3478260869565,1039.391304347826,1.0,785.8695652173913,0.9565217391304348,0.08695652173913043,0.043478260869565216,-31.095230564751542,0.3200673374236905,11.208586398150153,12.717912937546153,593.0
211,OGWM_113,no_TMS,compatible,neutral,4.39622641509434,418.7169811320755,597.9811320754717,692.2264150943396,872.0566037735849,1.0,820.2075471698113,0.9622641509433962,0.05660377358490566,0.09433962264150944,-77.45275156101366,-47.91064921197202,11.082946174410234,15.607532197680156,453.33962264150944
212,OGWM_113,no_TMS,compatible,valid,5.662650602409639,382.26506024096386,585.6626506024096,685.8125,896.1927710843373,1.0,805.2650602409639,0.9879518072289156,0.060240963855421686,0.04819277108433735,-28.69388122339829,-24.891135437141777,12.94254948910396,15.470780962965884,513.9277108433735
213,OGWM_113,no_TMS,incompatible,invalid,4.896103896103896,442.90909090909093,762.8831168831168,792.7532467532468,1075.5714285714287,1.0,809.2077922077922,0.9090909090909091,0.23376623376623376,0.3246753246753247,-29.26311327331918,-25.429087500448993,30.470121697568665,42.61240918466751,632.6623376623377
214,OGWM_113,no_TMS,incompatible,neutral,4.125,490.7708333333333,753.7083333333334,835.5625,1042.8333333333333,1.0,795.6666666666666,0.9166666666666666,0.14583333333333334,0.20833333333333334,-13.028770684090674,-29.61392529199576,19.281160089058186,28.183660518843027,552.0625
215,OGWM_113,no_TMS,incompatible,valid,5.826086956521739,400.30434782608694,742.2173913043479,795.8695652173913,1052.7826086956522,1.0,876.1739130434783,0.9565217391304348,0.391304347826087,0.4782608695652174,14.885957351132872,26.586950366064837,43.1542468221442,54.020241733722266,652.4782608695652
216,OGWM_114,PFC_cTBS,compatible,invalid,4.333333333333333,543.3333333333334,744.0833333333334,889.1666666666666,1008.75,1.0,775.125,1.0,0.0,0.0,-44.0295360073088,1.2354676070940016,3.919198155624777,5.178586557069409,465.4166666666667
217,OGWM_114,PFC_cTBS,compatible,neutral,4.333333333333333,520.1666666666666,754.6111111111111,874.5,1041.1666666666667,1.0,806.3518518518518,1.0,0.0,0.018518518518518517,-58.17417264563083,-46.96082787153691,3.550290685694444,9.167571972039218,521.0
218,OGWM_114,PFC_cTBS,compatible,valid,6.333333333333333,506.0617283950617,700.5555555555555,847.325,1028.5432098765432,1.0,737.6172839506173,0.9876543209876543,0.0,0.037037037037037035,-14.878869001054188,-20.313558922809523,5.052834186715019,7.685862930031306,522.4814814814815
219,OGWM_114,PFC_cTBS,incompatible,invalid,4.329268292682927,568.9512195121952,780.9512195121952,927.3170731707318,1095.2317073170732,1.0,807.6829268292682,1.0,0.0,0.024390243902439025,-38.252156609466724,-17.156133082664184,4.443275842175108,8.894221789168059,526.280487804878
220,OGWM_114,PFC_cTBS,incompatible,neutral,4.269230769230769,560.0576923076923,826.1923076923077,957.8076923076923,1137.0,1.0,857.2115384615385,1.0,0.019230769230769232,0.057692307692307696,-3.0293842607917276,-13.009828257817837,8.252557312329394,14.28050289686039,576.9423076923077
221,OGWM_114,PFC_cTBS,incompatible,valid,6.25,592.35,782.35,953.95,1158.15,1.0,810.85,1.0,0.0,0.0,19.430921309938803,54.99851517919892,4.279719207980522,6.203477323815318,565.8
222,OGWM_114,PFC_iTBS,compatible,invalid,7.0,521.4166666666666,720.3333333333334,851.3333333333334,1023.375,1.0,682.9583333333334,1.0,0.041666666666666664,0.041666666666666664,25.80009721254584,69.47107320705221,7.30892911747923,8.188179328034012,501.9583333333333
223,OGWM_114,PFC_iTBS,compatible,neutral,4.294117647058823,462.88235294117646,647.2549019607843,765.1960784313726,952.7058823529412,1.0,629.8823529411765,1.0,0.0,0.0,18.432865938491727,46.51607594389201,4.288437073904419,5.690949558409456,489.8235294117647
224,OGWM_114,PFC_iTBS,compatible,valid,3.6951219512195124,509.1341463414634,722.1341463414634,847.5487804878048,1023.9146341463414,1.0,678.0975609756098,0.975609756097561,0.012195121951219513,0.024390243902439025,-7.22509552145212,0.5702700469265436,5.836732667825836,7.868898989182053,514.780487804878
225,OGWM_114,PFC_iTBS,incompatible,invalid,6.961538461538462,549.2179487179487,743.6153846153846,862.2307692307693,1042.6153846153845,1.0,721.4871794871794,0.9871794871794872,0.01282051282051282,0.07692307692307693,13.367066449212908,11.433521168095995,6.124842402574024,12.781799618086174,493.3974358974359
226,OGWM_114,PFC_iTBS,incompatible,neutral,4.2,549.98,784.74,906.42,1076.14,1.0,712.58,1.0,0.02,0.04,17.321834165786687,11.922212519816982,7.9382017122282695,11.389914091796136,526.16
227,OGWM_114,PFC_iTBS,incompatible,valid,3.772727272727273,519.1363636363636,733.0454545454545,871.5909090909091,1082.8636363636363,1.0,673.1363636363636,1.0,0.045454545454545456,0.13636363636363635,19.117524570341114,13.435386735714228,9.883847459107711,20.37575393248288,563.7272727272727
228,OGWM_114,no_TMS,compatible,invalid,7.956521739130435,472.8695652173913,639.7391304347826,796.5217391304348,963.3478260869565,1.0,675.6086956521739,1.0,0.0,0.0,99.65564414609565,97.41540941722062,5.750022354335041,8.39934428546404,490.4782608695652
229,OGWM_114,no_TMS,compatible,neutral,2.3333333333333335,482.75925925925924,682.6666666666666,801.6111111111111,964.574074074074,1.0,720.0555555555555,1.0,0.0,0.0,6.8581079733497825,33.230531788243496,4.4891011230804585,5.922931478683977,481.81481481481484
230,OGWM_114,no_TMS,compatible,valid,4.646341463414634,468.0,691.780487804878,785.5432098765432,968.5731707317074,1.0,689.9878048780488,0.9634146341463414,0.06097560975609756,0.12195121951219512,-33.96003807978852,-25.72963798195141,12.021696577458238,17.91361213503437,500.5731707317073
231,OGWM_114,no_TMS,incompatible,invalid,7.974683544303797,533.6582278481013,780.746835443038,904.4683544303797,1106.632911392405,1.0,689.3164556962025,1.0,0.0759493670886076,0.1518987341772152,-2.2080790304769606,9.858422875807538,15.068242518574477,24.428384247910603,572.9746835443038
232,OGWM_114,no_TMS,incompatible,neutral,2.3653846153846154,515.0192307692307,713.0192307692307,837.0576923076923,1003.1538461538462,1.0,606.8076923076923,0.9807692307692307,0.019230769230769232,0.019230769230769232,-10.249670490183737,35.593888094444914,8.514837432527376,8.285206415487297,488.13461538461536
233,OGWM_114,no_TMS,incompatible,valid,4.578947368421052,508.4736842105263,792.3684210526316,925.9473684210526,1052.1052631578948,1.0,713.1052631578947,1.0,0.05263157894736842,0.10526315789473684,19.373158970536345,23.53419107756159,15.1024572506303,27.17692182829227,543.6315789473684
234,OGWM_115,PFC_cTBS,compatible,invalid,5.666666666666667,485.85714285714283,681.5714285714286,779.625,822.5714285714286,1.0,602.1904761904761,1.0,0.0,0.0,26.52611078990743,27.294215988925533,3.907063997880285,4.630775152857966,336.7142857142857
235,OGWM_115,PFC_cTBS,compatible,neutral,3.2884615384615383,475.61538461538464,689.0192307692307,790.0930232558139,887.7884615384615,1.0,602.6153846153846,1.0,0.0,0.019230769230769232,38.87196110561341,37.55469442074643,8.077991486833765,11.096406029535807,412.1730769230769
236,OGWM_115,PFC_cTBS,compatible,valid,6.075,445.525,641.65,750.0192307692307,788.625,1.0,567.2875,1.0,0.0,0.05,22.41638720021643,36.874493372849564,5.896971021291272,9.832650510743594,343.1
237,OGWM_115,PFC_cTBS,incompatible,invalid,5.590361445783133,500.87951807228916,770.5903614457832,809.5416666666666,928.7469879518072,1.0,636.0240963855422,1.0,0.12048192771084337,0.25301204819277107,7.981205079139921,4.493004903986487,17.330074568672973,33.851818247197315,427.86746987951807
238,OGWM_115,PFC_cTBS,incompatible,neutral,3.4489795918367347,552.7551020408164,820.0816326530612,920.2571428571429,1000.0408163265306,1.0,624.1836734693877,0.9591836734693877,0.08163265306122448,0.16326530612244897,28.205069300214415,28.92385182291083,17.698625690531046,27.03135722876341,447.2857142857143
239,OGWM_115,PFC_cTBS,incompatible,valid,5.818181818181818,476.3181818181818,753.6818181818181,851.2142857142857,921.4090909090909,1.0,673.7727272727273,1.0,0.18181818181818182,0.2727272727272727,9.480494059317884,-3.372378403193281,22.728444720961395,35.28268116036963,445.09090909090907
240,OGWM_115,PFC_iTBS,compatible,invalid,7.2727272727272725,588.4545454545455,787.0,844.7777777777778,905.5909090909091,1.0,645.7727272727273,1.0,0.0,0.0,15.092392538035318,31.713438132334012,4.882687861503583,6.243102616278907,317.1363636363636
241,OGWM_115,PFC_iTBS,compatible,neutral,2.0384615384615383,617.6923076923077,845.6538461538462,929.6666666666666,990.3846153846154,1.0,750.3653846153846,1.0,0.038461538461538464,0.07692307692307693,-12.654254139465344,-5.170244590268267,8.529515682676564,11.638759349483282,372.6923076923077
242,OGWM_115,PFC_iTBS,compatible,valid,5.63855421686747,565.3132530120482,750.6385542168674,874.625,895.722891566265,1.0,770.8192771084338,1.0,0.012048192771084338,0.012048192771084338,20.153918004324385,23.895228387206963,5.461751191871826,7.10471043497293,330.4096385542169
243,OGWM_115,PFC_iTBS,incompatible,invalid,7.4375,649.875,887.975,985.2702702702703,1013.05,1.0,757.3625,0.975,0.075,0.125,42.686501034877246,42.67070063947243,12.872288027692216,22.29562838165959,363.175
244,OGWM_115,PFC_iTBS,incompatible,neutral,1.98,679.4,877.32,923.030303030303,1032.28,1.0,816.74,1.0,0.06,0.06,11.912482474641406,-1.4269504495585414,8.527037911153252,12.432110338575782,352.88
245,OGWM_115,PFC_iTBS,incompatible,valid,5.590909090909091,598.0909090909091,871.9090909090909,968.1875,1050.4545454545455,1.0,796.5454545454545,0.9545454545454546,0.09090909090909091,0.13636363636363635,-16.77625615620756,-34.555620804373945,14.473656815938744,24.957657025971002,452.3636363636364
246,OGWM_115,no_TMS,compatible,invalid,4.333333333333333,619.6666666666666,880.0,977.1904761904761,1069.25,1.0,762.4166666666666,1.0,0.0,0.041666666666666664,1.3367348708434352,28.386602235684396,5.22502825450168,10.851072745224537,449.5833333333333
247,OGWM_115,no_TMS,compatible,neutral,4.037735849056604,575.9056603773585,848.2452830188679,917.3333333333334,1009.7735849056604,1.0,745.2264150943396,0.9811320754716981,0.03773584905660377,0.03773584905660377,-31.553784349946643,-43.93650438850645,8.924624799637103,12.189259735869225,433.8679245283019
248,OGWM_115,no_TMS,compatible,valid,6.666666666666667,534.7857142857143,765.7380952380952,894.6129032258065,912.5,1.0,746.5714285714286,1.0,0.0,0.011904761904761904,70.19819324781118,77.41303024169049,6.468457700596242,9.670306179405387,377.7142857142857
249,OGWM_115,no_TMS,incompatible,invalid,4.3375,665.0625,949.5375,1046.3709677419354,1126.8375,1.0,772.85,0.9875,0.075,0.1375,15.452045023908695,-4.494288791815356,11.727634549822818,20.032661667621177,461.775
250,OGWM_115,no_TMS,incompatible,neutral,4.096153846153846,640.2884615384615,892.0576923076923,1021.3611111111111,1075.1923076923076,1.0,804.2884615384615,0.9807692307692307,0.057692307692307696,0.09615384615384616,0.9057808123252793,9.419628578483561,11.193636556380405,19.18657680968499,434.90384615384613
251,OGWM_115,no_TMS,incompatible,valid,6.523809523809524,654.4285714285714,946.1428571428571,1035.4285714285713,1104.6190476190477,1.0,920.7142857142857,1.0,0.047619047619047616,0.09523809523809523,-21.732650612311595,-9.43427675468917,8.12795178931349,16.461211217782495,450.1904761904762
252,OGWM_116,PFC_cTBS,compatible,invalid,6.714285714285714,528.3333333333334,670.7142857142857,779.3125,789.6190476190476,1.0,577.6190476190476,1.0,0.0,0.0,26.011255858194026,-24.737861483108798,2.1061447287103556,2.4750585729218204,261.2857142857143
253,OGWM_116,PFC_cTBS,compatible,neutral,4.03921568627451,491.62745098039215,638.9607843137255,762.125,765.6666666666666,1.0,603.8627450980392,0.9803921568627451,0.0,0.0,-10.31697662916784,-9.993323677589284,1.9815755579436694,2.4636595486631867,274.03921568627453
254,OGWM_116,PFC_cTBS,compatible,valid,4.308641975308642,480.1604938271605,607.1234567901234,687.3846153846154,716.4197530864197,1.0,613.9506172839506,0.9753086419753086,0.0,0.0,-15.231878458167934,16.058437566718037,2.38552663431578,2.3905598098155174,236.25925925925927
255,OGWM_116,PFC_cTBS,incompatible,invalid,6.6625,569.225,720.775,789.1454545454545,836.875,1.0,586.2375,1.0,0.0375,0.0375,23.025034248162335,34.29212627496368,5.972078630023347,6.562783368187283,267.65
256,OGWM_116,PFC_cTBS,incompatible,neutral,4.02,593.92,757.52,859.4166666666666,884.96,1.0,620.7,0.96,0.0,0.0,21.08243495375674,21.23100157255602,2.9879722734179275,3.260007662057632,291.04
257,OGWM_116,PFC_cTBS,incompatible,valid,4.3478260869565215,513.9565217391304,699.4347826086956,773.8421052631579,856.3478260869565,1.0,550.4347826086956,1.0,0.08695652173913043,0.08695652173913043,-19.265695857978802,11.813968064892062,14.036360127718961,14.89319465139477,342.39130434782606
258,OGWM_116,PFC_iTBS,compatible,invalid,6.142857142857143,476.23809523809524,620.3333333333334,690.1764705882352,735.4285714285714,1.0,474.76190476190476,1.0,0.0,0.0,8.337512476627003,25.76731929419106,1.9397638219949482,2.2798044911938318,259.1904761904762
259,OGWM_116,PFC_iTBS,compatible,neutral,2.9019607843137254,482.3333333333333,678.6078431372549,759.6363636363636,792.7843137254902,1.0,599.0588235294117,1.0,0.0,0.0196078431372549,25.108671172450368,21.965215585734082,2.638437550524052,6.2598431296194645,310.45098039215685
260,OGWM_116,PFC_iTBS,compatible,valid,5.666666666666667,508.7857142857143,673.9285714285714,741.6338028169014,795.3333333333334,1.0,556.5595238095239,0.9880952380952381,0.0,0.0,25.64965679568433,13.100632790284402,2.6102357135547103,2.847867063111238,286.54761904761904
261,OGWM_116,PFC_iTBS,incompatible,invalid,6.333333333333333,556.474358974359,729.2692307692307,809.015873015873,864.9871794871794,1.0,612.9102564102565,0.9871794871794872,0.05128205128205128,0.05128205128205128,13.728405550513752,27.539487351689885,7.0135619106586615,7.232175180235575,308.5128205128205
262,OGWM_116,PFC_iTBS,incompatible,neutral,3.0384615384615383,560.3461538461538,725.0192307692307,811.0930232558139,867.0384615384615,1.0,606.9615384615385,0.9615384615384616,0.038461538461538464,0.057692307692307696,3.6957480417363637,-17.87649092735667,7.741193566243245,9.780188296882972,306.6923076923077
263,OGWM_116,PFC_iTBS,incompatible,valid,5.565217391304348,536.1304347826087,728.2173913043479,830.6190476190476,858.695652173913,1.0,551.2608695652174,1.0,0.13043478260869565,0.13043478260869565,100.21545427697603,54.48058476756594,17.92705229115004,18.974512885644202,322.5652173913044
264,OGWM_116,no_TMS,compatible,invalid,5.333333333333333,491.5833333333333,680.5833333333334,768.6190476190476,835.6666666666666,1.0,561.0833333333334,1.0,0.0,0.0,14.569340908116509,59.920904265355716,2.546253421612511,2.748012185678494,344.0833333333333
265,OGWM_116,no_TMS,compatible,neutral,3.6666666666666665,488.9259259259259,684.4444444444445,769.0,853.6666666666666,1.0,617.7777777777778,0.9814814814814815,0.0,0.0,-5.417687488965852,-30.848013228698218,3.0078206651711517,3.9952878492699506,364.74074074074076
266,OGWM_116,no_TMS,compatible,valid,6.036144578313253,456.66265060240966,615.7831325301205,715.6835443037975,781.5180722891566,1.0,615.0481927710844,0.9879518072289156,0.0,0.0,-14.177399934982613,-17.77890561409374,2.6751117876911366,3.2843807908451987,324.855421686747
267,OGWM_116,no_TMS,incompatible,invalid,5.25,556.325,699.3,786.5333333333333,864.65,1.0,651.45,0.9375,0.0,0.025,-17.404395422861253,-0.9010976069755046,3.2370469588899704,5.926143876708148,308.325
268,OGWM_116,no_TMS,incompatible,neutral,3.717391304347826,558.1304347826087,706.9347826086956,795.0681818181819,915.3913043478261,1.0,654.9130434782609,1.0,0.043478260869565216,0.043478260869565216,16.011117806392242,-6.711145200041592,6.776622686063164,7.899848441426862,357.2608695652174
269,OGWM_116,no_TMS,incompatible,valid,5.956521739130435,556.4782608695652,688.0434782608696,805.2727272727273,869.1304347826087,1.0,624.7826086956521,0.9565217391304348,0.0,0.0,9.070427667247202,-22.0871294562044,3.4346538605629164,5.610431098775892,312.6521739130435
270,OGWM_117,PFC_cTBS,compatible,invalid,3.772727272727273,498.22727272727275,732.5909090909091,819.6842105263158,916.2272727272727,1.0,685.6363636363636,1.0,0.0,0.045454545454545456,-46.60964700443772,20.3194517029068,3.98762157890959,6.802600129342986,418.0
271,OGWM_117,PFC_cTBS,compatible,neutral,4.39622641509434,470.0377358490566,630.7358490566038,758.7058823529412,856.3207547169811,1.0,679.9056603773585,0.9811320754716981,0.0,0.0,-2.1077855128975194,11.324960156156559,4.864207184447631,6.300076491453292,386.2830188679245
272,OGWM_117,PFC_cTBS,compatible,valid,7.0,421.69767441860466,624.2325581395348,731.8947368421053,839.3139534883721,1.0,674.2209302325581,0.9651162790697675,0.023255813953488372,0.03488372093023256,26.19868951037632,17.91864570766567,6.014499970435638,8.521673539483452,417.6162790697674
273,OGWM_117,PFC_cTBS,incompatible,invalid,3.725,540.325,762.0,893.7083333333334,1017.175,1.0,672.6375,1.0,0.075,0.125,1.7504506234407966,13.856012468592803,12.073610399815644,19.61961055489128,476.85
274,OGWM_117,PFC_cTBS,incompatible,neutral,4.428571428571429,537.5102040816327,840.0612244897959,859.1333333333333,1046.204081632653,1.0,782.1836734693877,0.9591836734693877,0.22448979591836735,0.32653061224489793,-25.89721418409836,-24.996052873805926,29.96358330013758,40.503123618390774,508.6938775510204
275,OGWM_117,PFC_cTBS,incompatible,valid,6.9,437.6,706.8,746.0526315789474,906.5,1.0,659.7,1.0,0.15,0.3,-13.503621666123607,16.979492281888618,25.8336457915402,47.32148740268708,468.9
276,OGWM_117,PFC_iTBS,compatible,invalid,4.666666666666667,525.952380952381,776.9047619047619,807.3,954.952380952381,1.0,641.2857142857143,1.0,0.09523809523809523,0.14285714285714285,49.226921915874776,29.040478855383764,13.644364952601336,19.795657156157823,429.0
277,OGWM_117,PFC_iTBS,compatible,neutral,5.6923076923076925,478.71153846153845,661.0192307692307,777.3913043478261,882.2884615384615,1.0,669.0,0.9807692307692307,0.0,0.0,-13.4216050317377,13.746484114140515,4.516933699706834,6.12971478409264,403.5769230769231
278,OGWM_117,PFC_iTBS,compatible,valid,4.7317073170731705,401.2073170731707,598.9634146341464,702.2567567567568,809.0365853658536,1.0,710.939024390244,0.9878048780487805,0.012195121951219513,0.012195121951219513,-43.174466388235665,-24.767854732177998,5.782493757795672,7.146736995170935,407.8292682926829
279,OGWM_117,PFC_iTBS,incompatible,invalid,4.682926829268292,551.4146341463414,814.9268292682926,882.5833333333334,1018.6829268292682,1.0,750.2439024390244,0.9878048780487805,0.17073170731707318,0.1951219512195122,-16.623224513631744,-11.310554293989174,20.84513502046283,25.44993141459629,467.2682926829268
280,OGWM_117,PFC_iTBS,incompatible,neutral,5.88,543.18,786.06,892.4666666666667,993.5,1.0,738.12,0.98,0.16,0.2,-3.4540079977841582,6.284091504261751,19.77813745291124,24.720311474851492,450.32
281,OGWM_117,PFC_iTBS,incompatible,valid,4.7272727272727275,506.77272727272725,761.3636363636364,835.2631578947369,941.0,1.0,701.7727272727273,1.0,0.09090909090909091,0.13636363636363635,17.2507110268779,-4.134622996898224,13.8287561697294,19.275026052578415,434.22727272727275
282,OGWM_117,no_TMS,compatible,invalid,4.666666666666667,511.8333333333333,700.25,831.0833333333334,953.3333333333334,1.0,620.125,1.0,0.0,0.125,71.74098505358548,47.320885641183025,5.972418452380441,16.50644850041948,441.5
283,OGWM_117,no_TMS,compatible,neutral,5.098039215686274,450.88235294117646,658.7450980392157,773.3255813953489,850.6862745098039,1.0,587.7058823529412,1.0,0.0392156862745098,0.058823529411764705,-22.898075852699204,13.151567318665405,8.788492876661442,11.192682886694943,399.80392156862746
284,OGWM_117,no_TMS,compatible,valid,5.333333333333333,406.1358024691358,602.283950617284,715.6216216216217,856.7777777777778,1.0,638.5925925925926,0.9876543209876543,0.0,0.012345679012345678,2.852182353779142,-5.217183270182762,5.8444423934902305,8.893889116988412,450.641975308642
285,OGWM_117,no_TMS,incompatible,invalid,4.636363636363637,541.3116883116883,806.7662337662338,885.112676056338,1046.3506493506493,1.0,721.5454545454545,0.935064935064935,0.16883116883116883,0.2727272727272727,22.81911517480507,14.649280354854744,24.233059512803468,36.425157547783286,505.038961038961
286,OGWM_117,no_TMS,incompatible,neutral,5.08,481.26,738.7,812.3414634146342,940.0,1.0,636.62,0.98,0.14,0.2,-4.022483525556806,20.687565550006465,18.400058322462602,25.135358653119653,458.74
287,OGWM_117,no_TMS,incompatible,valid,5.2,486.9,761.9,802.875,1013.6,1.0,681.35,0.85,0.1,0.15,3.772240904514052,40.025473852453416,18.239882248885884,23.982396056024378,526.7
288,OGWM_118,PFC_cTBS,compatible,invalid,6.217391304347826,549.5217391304348,883.4347826086956,1016.7142857142857,1132.8695652173913,1.0,916.1739130434783,0.9565217391304348,0.13043478260869565,0.17391304347826086,4.878861642972553,30.21283058940239,14.650290515990738,18.115699194017388,583.3478260869565
289,OGWM_118,PFC_cTBS,compatible,neutral,5.137254901960785,467.5686274509804,787.2941176470588,914.8444444444444,1090.8039215686274,1.0,921.3137254901961,0.8431372549019608,0.11764705882352941,0.13725490196078433,-15.402245429741575,20.897637542938057,19.99558054693659,22.586143710672268,623.2352941176471
290,OGWM_118,PFC_cTBS,compatible,valid,3.746987951807229,524.5783132530121,729.6867469879518,858.3375,989.0722891566265,1.0,881.289156626506,1.0,0.03614457831325301,0.03614457831325301,-8.843229746381763,-9.063639420866572,9.391694302391244,10.206985969966883,464.49397590361446
291,OGWM_118,PFC_cTBS,incompatible,invalid,6.342105263157895,591.8815789473684,979.3815789473684,1023.2794117647059,1218.342105263158,1.0,1000.3947368421053,0.9868421052631579,0.23684210526315788,0.2894736842105263,-10.697297620106166,-5.928074316164381,30.4350880536505,38.85363595434668,626.4605263157895
292,OGWM_118,PFC_cTBS,incompatible,neutral,5.085106382978723,549.1063829787234,1000.7659574468086,1014.3404255319149,1204.8510638297873,1.0,1013.4893617021277,0.851063829787234,0.3617021276595745,0.425531914893617,-13.361173539955637,-25.5644023478963,43.33145219072949,48.29920042153352,655.7446808510638
293,OGWM_118,PFC_cTBS,incompatible,valid,3.6842105263157894,545.6315789473684,934.2631578947369,1032.5294117647059,1229.3684210526317,1.0,1046.6315789473683,0.9473684210526315,0.3157894736842105,0.47368421052631576,54.29952475313201,56.878365263024065,37.549684102558686,44.56149205376984,683.7368421052631
294,OGWM_118,PFC_iTBS,compatible,invalid,3.55,541.25,949.25,988.5625,1132.25,1.0,966.95,0.95,0.0,0.15,50.58482038406653,87.93328164398875,7.4441601716021335,21.06019878098029,591.0
295,OGWM_118,PFC_iTBS,compatible,neutral,3.306122448979592,513.2244897959183,826.1836734693877,921.1458333333334,1097.5510204081634,1.0,848.4897959183673,0.9183673469387755,0.12244897959183673,0.20408163265306123,49.41023242237562,39.00344660778501,17.0426769914238,24.727431453692706,584.3265306122449
296,OGWM_118,PFC_iTBS,compatible,valid,8.012345679012345,476.1358024691358,785.0246913580247,881.96,1060.8271604938273,1.0,873.0617283950618,0.9135802469135802,0.09876543209876543,0.13580246913580246,16.55035837080424,7.427934510288659,16.07968939704744,21.905762238577775,584.6913580246913
297,OGWM_118,PFC_iTBS,incompatible,invalid,3.5454545454545454,543.3766233766233,942.8831168831168,1000.5857142857143,1205.077922077922,1.0,806.2727272727273,0.935064935064935,0.23376623376623376,0.2857142857142857,48.19077174806181,10.689920624162768,30.029011572941673,35.63055993509629,661.7012987012987
298,OGWM_118,PFC_iTBS,incompatible,neutral,3.297872340425532,504.1063829787234,958.7021276595744,980.5,1253.468085106383,1.0,875.7234042553191,0.9574468085106383,0.3191489361702128,0.425531914893617,11.822984302131475,26.48548764259779,46.287348110817355,59.9367966083742,749.3617021276596
299,OGWM_118,PFC_iTBS,incompatible,valid,8.157894736842104,467.89473684210526,880.0526315789474,920.7777777777778,1124.0,1.0,841.4736842105264,0.8421052631578947,0.3157894736842105,0.47368421052631576,-7.014670203803743,2.0892395587409927,37.47652711128362,56.957725937388815,656.1052631578947
300,OGWM_118,no_TMS,compatible,invalid,4.545454545454546,538.4545454545455,904.7272727272727,1037.111111111111,1147.5454545454545,1.0,949.0454545454545,0.9545454545454546,0.045454545454545456,0.09090909090909091,30.795358718223955,41.273003978384686,9.691947126187507,21.532923855293287,609.0909090909091
301,OGWM_118,no_TMS,compatible,neutral,4.384615384615385,498.4423076923077,871.1153846153846,967.98,1084.9038461538462,1.0,877.7884615384615,0.9423076923076923,0.07692307692307693,0.19230769230769232,-39.449106075302694,-26.403834153572994,14.748929772411403,27.660361435324447,586.4615384615385
302,OGWM_118,no_TMS,compatible,valid,6.0,380.5,761.725,853.4473684210526,1040.375,1.0,883.0375,0.9375,0.0875,0.1625,-39.69932906227425,-6.081713466450796,17.186683178041218,26.46637027176879,659.875
303,OGWM_118,no_TMS,incompatible,invalid,4.701298701298701,544.1168831168832,970.6363636363636,1018.5774647887324,1212.155844155844,1.0,909.0519480519481,0.8961038961038961,0.2857142857142857,0.44155844155844154,11.345052497324225,5.0313245854261295,37.70183684878288,54.50083938472503,668.038961038961
304,OGWM_118,no_TMS,incompatible,neutral,4.3584905660377355,530.622641509434,966.4716981132076,939.7021276595744,1197.4150943396226,1.0,870.3207547169811,0.9622641509433962,0.2830188679245283,0.4339622641509434,-27.439843704157823,-5.444056305583278,41.04080230851956,54.356806980674605,666.7924528301887
305,OGWM_118,no_TMS,incompatible,valid,6.043478260869565,383.17391304347825,947.1739130434783,1056.0434782608695,1237.304347826087,1.0,963.7391304347826,0.9565217391304348,0.17391304347826086,0.5652173913043478,-48.46678922951631,-57.735279387942704,28.37082236231082,63.71487491213469,854.1304347826087
306,OGWM_119,PFC_cTBS,compatible,invalid,6.043478260869565,464.4782608695652,654.3913043478261,785.1428571428571,854.0,1.0,565.9130434782609,1.0,0.0,0.0,7.725791308442807,8.236354369847927,5.5844224975784424,8.947597655873352,389.5217391304348
307,OGWM_119,PFC_cTBS,compatible,neutral,3.3333333333333335,465.94444444444446,690.2407407407408,773.4897959183673,887.5925925925926,1.0,639.8148148148148,0.9814814814814815,0.09259259259259259,0.1111111111111111,-3.928959269789372,-26.908049010104495,20.71256839712594,21.53303983720246,421.64814814814815
308,OGWM_119,PFC_cTBS,compatible,valid,5.666666666666667,421.6904761904762,619.0238095238095,700.3066666666666,799.3809523809524,1.0,615.8452380952381,0.9523809523809523,0.03571428571428571,0.047619047619047616,-17.875822943204987,-16.24487418406271,8.81988142248802,11.094469660833466,377.6904761904762
309,OGWM_119,PFC_cTBS,incompatible,invalid,6.0,508.55555555555554,746.5802469135803,827.4166666666666,937.0987654320987,1.0,644.0864197530864,0.9382716049382716,0.07407407407407407,0.14814814814814814,-8.83969885315677,-19.38245271604122,11.989923994816165,22.22596949419454,428.5432098765432
310,OGWM_119,PFC_cTBS,incompatible,neutral,3.2884615384615383,515.7115384615385,812.7692307692307,867.6382978723404,991.3653846153846,1.0,649.3653846153846,1.0,0.19230769230769232,0.23076923076923078,-20.47152361554515,-33.26551507363786,35.08359071675673,39.65386105560765,475.65384615384613
311,OGWM_119,PFC_cTBS,incompatible,valid,5.636363636363637,522.0909090909091,734.8181818181819,804.1428571428571,966.5454545454545,1.0,639.1363636363636,1.0,0.09090909090909091,0.18181818181818182,-22.023758893804867,-42.97591843263382,13.412849805198357,24.90279284593888,444.45454545454544
312,OGWM_119,PFC_iTBS,compatible,invalid,7.6521739130434785,428.82608695652175,639.4347826086956,784.304347826087,895.6521739130435,1.0,703.0434782608696,1.0,0.08695652173913043,0.08695652173913043,-48.29744912193344,-30.956729116041327,16.31681252449457,16.313990710052156,466.82608695652175
313,OGWM_119,PFC_iTBS,compatible,neutral,2.6666666666666665,498.6296296296296,720.6481481481482,804.8723404255319,912.2037037037037,1.0,721.9074074074074,0.9629629629629629,0.018518518518518517,0.05555555555555555,-22.14583736088953,-41.487572187957205,8.079922860945064,15.618790198647535,413.5740740740741
314,OGWM_119,PFC_iTBS,compatible,valid,4.647058823529412,433.67058823529413,618.5411764705882,745.8857142857142,828.1058823529412,1.0,720.9529411764706,1.0,0.0,0.023529411764705882,-18.788763144947946,-10.223806049163121,5.10120264750714,10.890623876672546,394.43529411764706
315,OGWM_119,PFC_iTBS,incompatible,invalid,7.65,483.75,772.6,839.3513513513514,953.675,1.0,710.6875,0.975,0.2125,0.3125,-14.38188607917137,-4.063747490449975,30.02611477526757,38.79454584938678,469.925
316,OGWM_119,PFC_iTBS,incompatible,neutral,2.7,540.16,847.86,939.468085106383,1043.52,1.0,731.96,1.0,0.08,0.2,-15.43693101523247,-39.66395769618383,14.741169095134897,26.852279079649183,503.36
317,OGWM_119,PFC_iTBS,incompatible,valid,4.95,476.5,846.2,895.9,1052.0,1.0,760.15,0.95,0.4,0.45,23.90178854760122,34.02119524290623,55.01775543875378,63.66196879035192,575.5
318,OGWM_119,no_TMS,compatible,invalid,4.909090909090909,548.4090909090909,811.5,878.0952380952381,966.8636363636364,1.0,859.9090909090909,0.9545454545454546,0.045454545454545456,0.045454545454545456,-10.448542084421133,-17.816829189247922,8.747976810138638,9.390418600392614,418.45454545454544
319,OGWM_119,no_TMS,compatible,neutral,4.647058823529412,515.6078431372549,810.7843137254902,840.9166666666666,995.4117647058823,1.0,820.6470588235294,0.9803921568627451,0.1568627450980392,0.27450980392156865,-35.77116012115672,-14.30232207940581,21.416037293243296,39.79814939756169,479.80392156862746
320,OGWM_119,no_TMS,compatible,valid,5.658536585365853,446.5609756097561,683.609756097561,765.2816901408451,879.6341463414634,1.0,834.2926829268292,1.0,0.04878048780487805,0.13414634146341464,-22.19920859631631,-23.92614731304278,13.897651241187676,22.084317292958154,433.0731707317073
321,OGWM_119,no_TMS,incompatible,invalid,4.65,602.3375,877.9625,985.1621621621622,1078.1125,1.0,845.2125,0.95,0.1125,0.2375,-12.306150526546393,-13.279863427071936,19.45456435658396,35.49684951080676,475.775
322,OGWM_119,no_TMS,incompatible,neutral,5.020833333333333,573.375,901.2916666666666,931.4615384615385,1095.875,1.0,937.2916666666666,0.9166666666666666,0.2708333333333333,0.375,36.242434104983666,10.159064824337696,39.69645116462406,49.02376986286691,522.5
323,OGWM_119,no_TMS,incompatible,valid,5.333333333333333,585.7777777777778,959.2222222222222,994.7142857142857,1120.3333333333333,1.0,821.7222222222222,1.0,0.3333333333333333,0.3888888888888889,-50.132635816181356,-89.62394876918577,46.29619822970926,50.80299530126323,534.5555555555555
