,subject,target,TrialType,BlockType,block,move_init_bound_msecRT,enter_box_msecRT,velocity_drop_msecRT,msecRT,ACC,probemsecRT,probeACC,corrected_movements,corrected_movements_1_4,movement_angle,movement_angle_1_4,movement_angle_difference,movement_angle_difference_1_4,movement_time_msecRT,trial_count,correction_proportion,correction_proportion_1_4
0,OGWM_101,PFC_cTBS,compatible,invalid,91,11077.0,14077.0,16365.0,18860.0,21,14007,21,1.0,1.0,911.6238307195127,547.43123374555,180.54666645129637,198.02198956877174,7783.0,23.0,0.043478260869565216,0.043478260869565216
1,OGWM_101,PFC_cTBS,compatible,neutral,273,24173.0,31760.0,35730.0,44125.0,52,36867,52,0.0,0.0,1406.1132123918574,1047.443983638736,237.50778036000634,315.559417417345,19952.0,54.0,0.0,0.0
2,OGWM_101,PFC_cTBS,compatible,valid,448,40240.0,50462.0,59996.0,71020.0,84,56537,84,1.0,2.0,1886.4210922825457,1009.821919618875,600.4405589662497,848.5178328374732,30780.0,85.0,0.011764705882352941,0.023529411764705882
3,OGWM_101,PFC_cTBS,incompatible,invalid,356,53323.0,66923.0,74366.0,85404.0,81,59350,81,7.0,9.0,2702.113665629901,3042.370112834179,1052.0193840638765,1318.4870084323766,32081.0,85.0,0.08235294117647059,0.10588235294117647
4,OGWM_101,PFC_cTBS,incompatible,neutral,286,32694.0,39795.0,46915.0,54849.0,52,37123,51,2.0,5.0,-449.72009742328027,-655.7605324246994,482.8545046857609,822.296829688863,22155.0,54.0,0.037037037037037035,0.09259259259259259
5,OGWM_101,PFC_cTBS,incompatible,valid,109,12777.0,16781.0,16035.0,21432.0,21,14373,21,2.0,3.0,-374.54989314873035,130.77859910420707,259.0818429433626,441.86047875994916,8655.0,23.0,0.08695652173913043,0.13043478260869565
6,OGWM_101,PFC_iTBS,compatible,invalid,93,13273.0,16681.0,18308.0,22714.0,23,18879,23,0.0,1.0,1531.1945468827296,1454.2723265247632,157.97138699432648,262.9873810193817,9441.0,24.0,0.0,0.041666666666666664
7,OGWM_101,PFC_iTBS,compatible,neutral,215,28638.0,36479.0,39481.0,50151.0,53,37828,53,0.0,0.0,3269.941286378895,2532.3705751212874,312.50474147092075,380.16148910320385,21513.0,54.0,0.0,0.0
8,OGWM_101,PFC_iTBS,compatible,valid,584,39218.0,55480.0,62628.0,75480.0,84,57287,84,5.0,6.0,6415.084995624065,6036.739710610812,824.892314344873,998.5949842273906,36262.0,85.0,0.058823529411764705,0.07058823529411765
9,OGWM_101,PFC_iTBS,incompatible,invalid,325,51927.0,69231.0,76421.0,89410.0,81,58515,80,7.0,8.0,3626.8100772651424,5513.406326590729,889.6371266340523,1157.289746796297,37483.0,84.0,0.08333333333333333,0.09523809523809523
10,OGWM_101,PFC_iTBS,incompatible,neutral,213,34178.0,41820.0,45467.0,55911.0,51,38761,49,1.0,1.0,4738.121982619657,4338.635742021975,350.71150539751727,435.29202365980797,21733.0,54.0,0.018518518518518517,0.018518518518518517
11,OGWM_101,PFC_iTBS,incompatible,valid,156,13910.0,17280.0,19088.0,22402.0,22,13741,22,1.0,1.0,1674.978923135819,2007.0849275251642,196.08777525239222,216.22088521585655,8492.0,23.0,0.043478260869565216,0.043478260869565216
12,OGWM_101,no_TMS,compatible,invalid,120,14190.0,17578.0,19772.0,23926.0,24,18504,23,0.0,0.0,2094.2810062682424,2090.9521890055744,98.68195207977573,116.46659283584773,9736.0,24.0,0.0,0.0
13,OGWM_101,no_TMS,compatible,neutral,285,26209.0,33971.0,39431.0,47772.0,51,38990,51,2.0,2.0,693.8173768960537,424.7405760953983,444.93330127697936,554.016142944302,21563.0,54.0,0.037037037037037035,0.037037037037037035
14,OGWM_101,no_TMS,compatible,valid,355,41260.0,54028.0,63162.0,74823.0,83,75230,83,0.0,1.0,4225.988632160265,4653.250852192921,601.8220518117126,950.4304954297377,33563.0,86.0,0.0,0.011627906976744186
15,OGWM_101,no_TMS,incompatible,invalid,390,47336.0,59335.0,66707.0,79836.0,78,61185,77,4.0,7.0,1922.9860476313302,1615.5997691040404,647.3703150445497,889.7726478205418,32500.0,84.0,0.047619047619047616,0.08333333333333333
16,OGWM_101,no_TMS,incompatible,neutral,283,30585.0,37710.0,43953.0,49839.0,49,40090,49,0.0,3.0,2308.6927937845885,2348.280453022636,257.1265847805928,514.8727970191703,19254.0,54.0,0.0,0.05555555555555555
17,OGWM_101,no_TMS,incompatible,valid,79,11712.0,14912.0,16736.0,19508.0,18,15615,18,1.0,1.0,1458.1154321392553,1441.7804314181064,180.3601278286485,209.94229175365558,7796.0,22.0,0.045454545454545456,0.045454545454545456
18,OGWM_103,PFC_cTBS,compatible,invalid,112,11892.0,17751.0,16619.0,21416.0,22,17520,22,1.0,4.0,1869.4070622848546,1606.5986161128508,189.135443530863,427.35827381833417,9524.0,24.0,0.041666666666666664,0.16666666666666666
19,OGWM_103,PFC_cTBS,compatible,neutral,269,27898.0,39879.0,41238.0,51405.0,53,38385,52,4.0,6.0,2033.5047767435797,1999.144280182762,637.819258270313,810.5687647700536,23507.0,54.0,0.07407407407407407,0.1111111111111111
20,OGWM_103,PFC_cTBS,compatible,valid,407,41012.0,59052.0,54181.0,74576.0,82,63887,82,1.0,6.0,4193.138414248872,2434.7343034088663,475.45295414142674,881.7585737746492,33564.0,85.0,0.011764705882352941,0.07058823529411765
21,OGWM_103,PFC_cTBS,incompatible,invalid,375,42429.0,63981.0,57923.0,78626.0,75,60427,72,6.0,17.0,-269.02643638388736,358.1344391251604,1028.3936671951153,1985.217799361134,36197.0,84.0,0.07142857142857142,0.20238095238095238
22,OGWM_103,PFC_cTBS,incompatible,neutral,259,26679.0,39950.0,38246.0,49705.0,50,36206,49,7.0,9.0,2184.8895657616745,2321.4416749655115,1150.4922430827824,1320.9428968641992,23026.0,54.0,0.12962962962962962,0.16666666666666666
23,OGWM_103,PFC_cTBS,incompatible,valid,94,11386.0,17126.0,17116.0,20904.0,20,14393,20,4.0,5.0,810.5785048681902,-386.2301924040883,494.50313668653837,621.658024863626,9518.0,23.0,0.17391304347826086,0.21739130434782608
24,OGWM_103,PFC_iTBS,compatible,invalid,128,11356.0,17590.0,15998.0,22178.0,24,17026,24,1.0,3.0,1150.2823674624144,599.9803774616508,237.9326008919058,420.7403921241523,10822.0,24.0,0.041666666666666664,0.125
25,OGWM_103,PFC_iTBS,compatible,neutral,147,23488.0,34767.0,38158.0,45529.0,49,34682,49,4.0,8.0,1063.397522093747,1221.4802494252704,535.6898517891489,922.5992764169678,22041.0,54.0,0.07407407407407407,0.14814814814814814
26,OGWM_103,PFC_iTBS,compatible,valid,531,38282.0,58994.0,58647.0,75088.0,80,55607,78,7.0,16.0,4504.796927144237,3141.3915428753958,1132.5010353901168,1847.8461631673206,36806.0,84.0,0.08333333333333333,0.19047619047619047
27,OGWM_103,PFC_iTBS,incompatible,invalid,406,38879.0,59367.0,65103.0,76879.0,76,53784,74,12.0,21.0,2334.0873131614253,574.516255104123,1529.3588203232825,2564.017513509422,38000.0,84.0,0.14285714285714285,0.25
28,OGWM_103,PFC_iTBS,incompatible,neutral,161,28329.0,42235.0,43688.0,53198.0,53,35973,53,7.0,13.0,4399.253486098744,3314.0625035633325,965.0555093732593,1604.1308106328513,24869.0,54.0,0.12962962962962962,0.24074074074074073
29,OGWM_103,PFC_iTBS,incompatible,valid,151,10579.0,18019.0,16832.0,22484.0,23,16080,23,5.0,6.0,773.0888735126176,856.4603737419158,712.1658737756561,943.2026453703987,11905.0,24.0,0.20833333333333334,0.25
30,OGWM_103,no_TMS,compatible,invalid,70,10516.0,16492.0,15889.0,21299.0,23,15356,23,2.0,5.0,-704.7316753113404,-836.6637905452264,335.43328006596676,665.9342008830447,10783.0,23.0,0.08695652173913043,0.21739130434782608
31,OGWM_103,no_TMS,compatible,neutral,288,25834.0,35630.0,35984.0,44882.0,54,36691,53,0.0,3.0,2121.0611892829143,1348.7218670329212,245.52137850106854,494.39179223847907,19048.0,54.0,0.0,0.05555555555555555
32,OGWM_103,no_TMS,compatible,valid,546,38066.0,54768.0,56087.0,69354.0,82,57364,82,3.0,5.0,4534.865440134354,2079.4724326213945,721.0681047095754,990.2911587140619,31288.0,86.0,0.03488372093023256,0.05813953488372093
33,OGWM_103,no_TMS,incompatible,invalid,242,42903.0,59355.0,60281.0,75474.0,81,58910,79,2.0,8.0,1719.432110880411,1332.647192309135,716.7669455225649,1245.9652657596018,32571.0,85.0,0.023529411764705882,0.09411764705882353
34,OGWM_103,no_TMS,incompatible,neutral,279,25358.0,38610.0,34976.0,46756.0,51,34330,48,5.0,7.0,1662.221214961858,1098.8738388768115,764.2398732203253,1109.4878598264004,21398.0,54.0,0.09259259259259259,0.12962962962962962
35,OGWM_103,no_TMS,incompatible,valid,134,10002.0,13788.0,14781.0,17752.0,20,13832,20,1.0,1.0,2176.8392411743143,2124.253446192204,164.5496436971056,219.74688276955894,7750.0,22.0,0.045454545454545456,0.045454545454545456
36,OGWM_104,PFC_cTBS,compatible,invalid,96,11588.0,15146.0,13846.0,18906.0,20,12895,20,0.0,0.0,1774.3616619287175,1776.1383674477938,39.148843233907996,51.24856405591993,7318.0,21.0,0.0,0.0
37,OGWM_104,PFC_cTBS,compatible,neutral,279,28589.0,39637.0,38993.0,50536.0,53,33672,52,1.0,2.0,2864.1696907612973,3899.5137020626094,342.76360415840657,431.26844032403176,21947.0,54.0,0.018518518518518517,0.037037037037037035
38,OGWM_104,PFC_cTBS,compatible,valid,408,42212.0,55070.0,51114.0,70875.0,82,65116,77,0.0,0.0,1828.4721975618518,3607.5321477231505,228.49919304041157,333.471146354076,28663.0,84.0,0.0,0.0
39,OGWM_104,PFC_cTBS,incompatible,invalid,373,61466.0,80172.0,74813.0,95982.0,80,47756,77,4.0,9.0,1887.3753739770277,715.3832134544243,719.920870391538,1324.658427623699,34516.0,87.0,0.04597701149425287,0.10344827586206896
40,OGWM_104,PFC_cTBS,incompatible,neutral,229,32567.0,41189.0,39121.0,49974.0,43,23908,41,1.0,3.0,1353.2010440686008,832.394440082113,283.1210402386456,507.37086971336146,17407.0,54.0,0.018518518518518517,0.05555555555555555
41,OGWM_104,PFC_cTBS,incompatible,valid,97,12864.0,19186.0,18583.0,23148.0,20,13181,20,3.0,5.0,226.32798452826546,33.4249756946204,423.5170685556955,606.0513540341497,10284.0,24.0,0.125,0.20833333333333334
42,OGWM_104,PFC_iTBS,compatible,invalid,170,12953.0,16759.0,12093.0,21480.0,23,14358,23,0.0,0.0,514.0014563599228,167.36165293949117,63.49555202505246,71.42714969224303,8527.0,24.0,0.0,0.0
43,OGWM_104,PFC_iTBS,compatible,neutral,139,28782.0,38246.0,36022.0,49737.0,53,35130,53,0.0,0.0,2327.8748997282014,2720.23547909701,136.00251157264663,176.47122547066064,20955.0,54.0,0.0,0.0
44,OGWM_104,PFC_iTBS,compatible,valid,419,42706.0,57204.0,57815.0,75796.0,84,49760,83,0.0,3.0,1508.8140418120763,1944.346617663325,389.32885304333104,676.9778379127804,33090.0,85.0,0.0,0.03529411764705882
45,OGWM_104,PFC_iTBS,incompatible,invalid,541,52553.0,69399.0,66540.0,85464.0,75,40079,74,5.0,7.0,2108.5945549782077,3642.0572547655297,722.5756837805574,1011.3107747476374,32911.0,84.0,0.05952380952380952,0.08333333333333333
46,OGWM_104,PFC_iTBS,incompatible,neutral,130,35142.0,47736.0,47922.0,58776.0,50,30061,49,5.0,8.0,735.6579689077473,1465.20952445662,899.0596492423613,1269.6545894582393,23634.0,54.0,0.09259259259259259,0.14814814814814814
47,OGWM_104,PFC_iTBS,incompatible,valid,101,12684.0,17758.0,16802.0,22206.0,20,10333,20,3.0,3.0,1107.484253831178,1100.9164428528388,510.1394861337336,506.8021796041834,9522.0,23.0,0.13043478260869565,0.13043478260869565
48,OGWM_104,no_TMS,compatible,invalid,96,14862.0,20484.0,20155.0,25968.0,24,14164,24,0.0,0.0,717.8546212802609,1087.0291577864152,74.21895758656757,135.34988536261477,11106.0,24.0,0.0,0.0
49,OGWM_104,no_TMS,compatible,neutral,272,29906.0,41045.0,38403.0,51374.0,51,30779,34,0.0,1.0,-2285.5663615170433,-2794.380597737789,208.31511238988531,431.8526486303281,21468.0,54.0,0.0,0.018518518518518517
50,OGWM_104,no_TMS,compatible,valid,454,39107.0,53197.0,60497.0,72427.0,82,53555,81,0.0,0.0,-733.0035301829577,352.5788002049418,291.42903460252774,360.96934806544533,33320.0,85.0,0.0,0.0
51,OGWM_104,no_TMS,incompatible,invalid,308,60132.0,78334.0,78451.0,96417.0,77,43658,75,1.0,2.0,2136.220860758733,104.28767828896883,402.60445767599936,542.5537256391726,36285.0,84.0,0.011904761904761904,0.023809523809523808
52,OGWM_104,no_TMS,incompatible,neutral,269,31866.0,43893.0,47869.0,53668.0,47,31153,28,1.0,4.0,-710.928407377544,456.2087163209012,328.81162270638697,600.5140824996341,21802.0,54.0,0.018518518518518517,0.07407407407407407
53,OGWM_104,no_TMS,incompatible,valid,120,14304.0,20428.0,19821.0,24738.0,20,11415,19,2.0,4.0,1166.7639855429159,1226.865030292312,345.39765582731735,633.5151089618755,10434.0,23.0,0.08695652173913043,0.17391304347826086
54,OGWM_105,PFC_cTBS,compatible,invalid,168,11922.0,15224.0,18694.0,20684.0,24,10933,24,0.0,1.0,301.92193491177886,-81.01748510189381,103.0122295823507,200.3162063401674,8762.0,24.0,0.0,0.041666666666666664
55,OGWM_105,PFC_cTBS,compatible,neutral,102,24595.0,31832.0,37313.0,42379.0,52,23606,52,1.0,2.0,-450.1518139567405,232.83221233365117,255.84320470892806,341.88374505407756,17784.0,54.0,0.018518518518518517,0.037037037037037035
56,OGWM_105,PFC_cTBS,compatible,valid,498,39533.0,49837.0,59193.0,67378.0,83,39687,82,2.0,2.0,391.53494500585293,2.4403372627236877,381.9505620099112,487.5274863905123,27845.0,84.0,0.023809523809523808,0.023809523809523808
57,OGWM_105,PFC_cTBS,incompatible,invalid,550,39914.0,53312.0,62712.0,70021.0,78,38679,77,5.0,12.0,1447.2682056604824,1857.8413032575618,877.8282139601567,1315.4951073022398,30107.0,84.0,0.05952380952380952,0.14285714285714285
58,OGWM_105,PFC_cTBS,incompatible,neutral,100,24585.0,32939.0,38330.0,43468.0,50,23088,50,3.0,5.0,-299.78238964579145,573.3723276585903,591.7163460790557,890.7064007063935,18883.0,54.0,0.05555555555555555,0.09259259259259259
59,OGWM_105,PFC_cTBS,incompatible,valid,132,10996.0,15144.0,17235.0,19522.0,22,10399,22,3.0,3.0,63.4083604572873,-266.8887449531899,325.0707390397654,391.7859958062669,8526.0,24.0,0.125,0.125
60,OGWM_105,PFC_iTBS,compatible,invalid,94,11183.0,14525.0,17305.0,19850.0,23,11748,22,1.0,1.0,-781.849823549041,-1099.3364114436588,176.68817397636775,225.7539058953368,8667.0,23.0,0.043478260869565216,0.043478260869565216
61,OGWM_105,PFC_iTBS,compatible,neutral,247,25084.0,32217.0,38872.0,45050.0,52,23933,52,1.0,1.0,1339.3919436634242,1692.8980214424116,240.14377807416017,308.7608884839626,19966.0,54.0,0.018518518518518517,0.018518518518518517
62,OGWM_105,PFC_iTBS,compatible,valid,504,38279.0,48661.0,58059.0,66783.0,80,39078,78,3.0,4.0,-9.340283145436757,-736.6235201684857,663.3314776406531,722.7225754125092,28504.0,84.0,0.03571428571428571,0.047619047619047616
63,OGWM_105,PFC_iTBS,incompatible,invalid,323,44966.0,59670.0,67133.0,78629.0,81,40764,80,5.0,8.0,3696.203216082997,4536.68493259709,996.742159357641,1264.8278069718292,33663.0,85.0,0.058823529411764705,0.09411764705882353
64,OGWM_105,PFC_iTBS,incompatible,neutral,242,26735.0,35890.0,41446.0,47841.0,52,27435,52,3.0,5.0,3820.2225536804813,3020.1862001661334,627.3860340625234,915.4283026849105,21106.0,54.0,0.05555555555555555,0.09259259259259259
65,OGWM_105,PFC_iTBS,incompatible,valid,147,11799.0,15383.0,17517.0,20058.0,23,11841,23,2.0,3.0,540.8403379782592,864.2565397933732,239.60842866639175,283.0751060371342,8259.0,24.0,0.08333333333333333,0.125
66,OGWM_105,no_TMS,compatible,invalid,130,10465.0,13759.0,15529.0,17552.0,21,10662,20,1.0,1.0,783.9398370475469,1118.594981281497,145.08977695081745,176.52137679307248,7087.0,23.0,0.043478260869565216,0.043478260869565216
67,OGWM_105,no_TMS,compatible,neutral,170,23609.0,30408.0,35201.0,41366.0,51,25186,51,1.0,1.0,2033.584406314419,1990.7390526322963,256.1996371309742,319.6055020847517,17757.0,54.0,0.018518518518518517,0.018518518518518517
68,OGWM_105,no_TMS,compatible,valid,468,38066.0,49680.0,57001.0,65108.0,82,41720,82,2.0,3.0,2378.5118105302267,1140.0505458247571,421.9989500481598,638.8955399475902,27042.0,84.0,0.023809523809523808,0.03571428571428571
69,OGWM_105,no_TMS,incompatible,invalid,487,42053.0,53158.0,61643.0,69672.0,81,39180,79,4.0,6.0,709.845681378334,1472.2706292972807,584.6917410094267,784.0251244157943,27619.0,85.0,0.047058823529411764,0.07058823529411765
70,OGWM_105,no_TMS,incompatible,neutral,175,25985.0,34320.0,39464.0,44280.0,52,26153,51,3.0,4.0,4201.0536642798015,3008.264174340755,398.0059687391589,565.8234055967224,18295.0,54.0,0.05555555555555555,0.07407407407407407
71,OGWM_105,no_TMS,incompatible,valid,136,12337.0,16187.0,18829.0,20681.0,24,11932,24,3.0,3.0,622.4179368108275,945.0613697149929,350.1097757315564,401.10502885851747,8344.0,24.0,0.125,0.125
72,OGWM_106,PFC_cTBS,compatible,invalid,97,11622.0,17426.0,18673.0,22164.0,20,15975,17,0.0,3.0,-611.708562927322,-306.366233672909,145.94970805760235,479.6783696296114,10542.0,23.0,0.0,0.13043478260869565
73,OGWM_106,PFC_cTBS,compatible,neutral,191,26702.0,37452.0,42692.0,51534.0,50,38701,48,0.0,3.0,-649.2681046099683,-119.2037219947218,413.09766982110796,782.812755371311,24832.0,54.0,0.0,0.05555555555555555
74,OGWM_106,PFC_cTBS,compatible,valid,459,46171.0,66355.0,62927.0,83259.0,76,64321,73,1.0,4.0,-169.02849403983197,-723.0497548919635,748.6815713592198,1099.644433001572,37088.0,85.0,0.011764705882352941,0.047058823529411764
75,OGWM_106,PFC_cTBS,incompatible,invalid,358,46446.0,66940.0,69382.0,86063.0,75,58782,70,4.0,8.0,-1351.862901048399,-164.1690393450786,951.9223228644679,1509.919422840172,39617.0,85.0,0.047058823529411764,0.09411764705882353
76,OGWM_106,PFC_cTBS,incompatible,neutral,168,28100.0,40813.0,38273.0,50942.0,48,36637,47,3.0,10.0,-944.2814155629915,-882.0780047027731,583.0004155900301,1059.110950450518,22842.0,54.0,0.05555555555555555,0.18518518518518517
77,OGWM_106,PFC_cTBS,incompatible,valid,140,11751.0,17771.0,19388.0,23593.0,23,18970,22,3.0,5.0,509.8440825047891,91.15568376017949,548.8146756035721,721.7995752214761,11842.0,23.0,0.13043478260869565,0.21739130434782608
78,OGWM_106,PFC_iTBS,compatible,invalid,152,14028.0,18456.0,20289.0,22550.0,22,13889,22,0.0,0.0,-339.4095606767819,8.407746966714114,178.85212960710547,184.32323426122477,8522.0,24.0,0.0,0.0
79,OGWM_106,PFC_iTBS,compatible,neutral,174,37937.0,50983.0,53777.0,61124.0,53,36863,51,0.0,2.0,1652.59489550568,1016.0270712764461,485.96604920152197,740.776458119105,23187.0,54.0,0.0,0.037037037037037035
80,OGWM_106,PFC_iTBS,compatible,valid,384,62852.0,81505.0,78602.0,97358.0,83,47909,82,1.0,1.0,-2764.9196300877147,-1324.3071997214042,703.3926618151313,788.5911954274045,34506.0,84.0,0.011904761904761904,0.011904761904761904
81,OGWM_106,PFC_iTBS,incompatible,invalid,567,53233.0,72015.0,77764.0,90836.0,81,50080,80,3.0,9.0,-616.6806461270098,88.10768116053382,862.6759600642192,1446.1013887482725,37603.0,84.0,0.03571428571428571,0.10714285714285714
82,OGWM_106,PFC_iTBS,incompatible,neutral,179,36209.0,49009.0,46543.0,61285.0,53,34945,51,3.0,7.0,-2126.0324657600636,-2154.8435454289042,792.2470204847459,1158.6697969636646,25076.0,54.0,0.05555555555555555,0.12962962962962962
83,OGWM_106,PFC_iTBS,incompatible,valid,112,20376.0,25834.0,25714.0,30970.0,24,13940,24,0.0,2.0,-1053.1416159043563,-1420.6090113138932,192.7047332906252,319.6139672078554,10594.0,24.0,0.0,0.08333333333333333
84,OGWM_106,no_TMS,compatible,invalid,134,10252.0,15984.0,15036.0,20376.0,22,16293,21,0.0,1.0,1719.5732127166827,1443.976610619379,197.51013583073913,472.52235473728706,10124.0,23.0,0.0,0.043478260869565216
85,OGWM_106,no_TMS,compatible,neutral,212,25596.0,36480.0,36394.0,47464.0,52,33967,50,0.0,1.0,-1732.6957666295116,-2764.3054132246534,271.3889883933689,428.0236827170663,21868.0,54.0,0.0,0.018518518518518517
86,OGWM_106,no_TMS,compatible,valid,392,43012.0,63854.0,57200.0,79938.0,84,60427,84,2.0,3.0,223.740573828179,-1103.83801899152,692.9178681080259,909.8327724455384,36926.0,84.0,0.023809523809523808,0.03571428571428571
87,OGWM_106,no_TMS,incompatible,invalid,517,48106.0,68894.0,72450.0,85909.0,82,59484,79,7.0,12.0,2613.386791161634,2250.8426813303713,1103.985758235509,1640.4587508014883,37803.0,85.0,0.08235294117647059,0.1411764705882353
88,OGWM_106,no_TMS,incompatible,neutral,214,28424.0,40698.0,42791.0,52288.0,52,36426,45,2.0,6.0,-310.7448542672981,871.2099281045178,573.9507097334827,871.0123214454579,23864.0,54.0,0.037037037037037035,0.1111111111111111
89,OGWM_106,no_TMS,incompatible,valid,112,11039.0,18395.0,18124.0,23311.0,24,18550,24,3.0,7.0,-529.9462327838479,-172.54452770751502,483.41867565907046,1023.82361189514,12272.0,24.0,0.125,0.2916666666666667
90,OGWM_107,PFC_cTBS,compatible,invalid,153,12261.0,21239.0,21221.0,26573.0,23,16762,23,6.0,5.0,-1139.7802801717546,-1192.8674286966718,726.0807083979684,698.4280248798241,14312.0,24.0,0.25,0.20833333333333334
91,OGWM_107,PFC_cTBS,compatible,neutral,102,27654.0,40242.0,45012.0,52940.0,52,37583,52,5.0,5.0,1488.2174769242058,1761.6791389602795,1073.2887472722266,1174.4761670957419,25286.0,54.0,0.09259259259259259,0.09259259259259259
92,OGWM_107,PFC_cTBS,compatible,valid,475,35395.0,55869.0,58971.0,73316.0,75,57462,74,8.0,12.0,-2386.769623467741,-396.44318150192686,1158.2070809855531,1598.1364517593952,37921.0,84.0,0.09523809523809523,0.14285714285714285
93,OGWM_107,PFC_cTBS,incompatible,invalid,519,40814.0,73322.0,72604.0,91232.0,78,60859,73,25.0,31.0,-775.6302902129019,-1926.0953282779285,3444.220608165846,4161.8524684520025,50418.0,84.0,0.2976190476190476,0.36904761904761907
94,OGWM_107,PFC_cTBS,incompatible,neutral,105,28137.0,43111.0,45082.0,56102.0,52,41403,52,4.0,8.0,-996.8692408766937,-1063.852404868304,903.5325385734965,1358.7324651447489,27965.0,54.0,0.07407407407407407,0.14814814814814814
95,OGWM_107,PFC_cTBS,incompatible,valid,138,10496.0,17004.0,18126.0,22796.0,22,16953,22,3.0,4.0,-584.3814789679784,-593.4713576993224,364.72873459440564,474.18223336179176,12300.0,24.0,0.125,0.16666666666666666
96,OGWM_107,PFC_iTBS,compatible,invalid,120,12632.0,18112.0,19468.0,24572.0,24,19891,24,1.0,1.0,-823.9695491308753,-492.3442790004202,266.2857944002856,322.13792319861875,11940.0,24.0,0.041666666666666664,0.041666666666666664
97,OGWM_107,PFC_iTBS,compatible,neutral,238,26091.0,39103.0,43025.0,51406.0,50,40544,47,1.0,3.0,-252.29362209472174,942.6483390091967,517.6145078407307,815.0382576548243,25315.0,54.0,0.018518518518518517,0.05555555555555555
98,OGWM_107,PFC_iTBS,compatible,valid,432,41137.0,62569.0,66939.0,80894.0,81,65314,76,4.0,5.0,1045.8325274568572,737.6097913288163,876.6361686703684,1141.697862227466,39757.0,85.0,0.047058823529411764,0.058823529411764705
99,OGWM_107,PFC_iTBS,incompatible,invalid,397,45819.0,72887.0,77067.0,94327.0,80,69328,79,14.0,18.0,1286.2497547544433,1656.5024814299163,1809.8642766184696,2623.5788867895862,48508.0,84.0,0.16666666666666666,0.21428571428571427
100,OGWM_107,PFC_iTBS,incompatible,neutral,238,27695.0,46003.0,49308.0,58667.0,51,39753,50,9.0,14.0,-1071.6713809341522,-1249.3475942287487,1492.3726881363382,2263.10267733644,30972.0,54.0,0.16666666666666666,0.25925925925925924
101,OGWM_107,PFC_iTBS,incompatible,valid,110,11076.0,19538.0,16562.0,25233.0,22,16646,22,6.0,10.0,951.9424373171126,1148.504443352389,931.8487520362211,1201.617858746006,14157.0,23.0,0.2608695652173913,0.43478260869565216
102,OGWM_107,no_TMS,compatible,invalid,91,10619.0,14345.0,14706.0,20290.0,21,13610,21,1.0,1.0,-425.10643631211786,-1131.8979807737019,170.46841179920216,225.91774461103273,9671.0,22.0,0.045454545454545456,0.045454545454545456
103,OGWM_107,no_TMS,compatible,neutral,275,26800.0,41572.0,38844.0,52910.0,51,35353,46,7.0,9.0,-1584.0580021167389,-1415.1783667169161,957.4242638236627,1229.8670371232265,26110.0,54.0,0.12962962962962962,0.16666666666666666
104,OGWM_107,no_TMS,compatible,valid,433,37923.0,59261.0,60126.0,77630.0,81,51360,81,5.0,8.0,-450.233475095366,28.557275099985446,1027.6114528270293,1380.6935536877927,39707.0,85.0,0.058823529411764705,0.09411764705882353
105,OGWM_107,no_TMS,incompatible,invalid,340,43404.0,64988.0,57537.0,81971.0,81,52075,79,9.0,11.0,996.1645268320892,2130.4530006552036,1407.6419549317698,1772.3756151088107,38567.0,86.0,0.10465116279069768,0.12790697674418605
106,OGWM_107,no_TMS,incompatible,neutral,248,24835.0,41317.0,41723.0,53078.0,48,31194,45,11.0,13.0,-470.1132910843463,-752.5694713597834,1432.6276958838262,1697.6905238459617,28243.0,54.0,0.2037037037037037,0.24074074074074073
107,OGWM_107,no_TMS,incompatible,valid,115,10602.0,17084.0,15354.0,22530.0,21,14404,20,4.0,5.0,-1109.8138269741034,-1100.3211716411654,504.75277901145716,518.5340492563563,11928.0,23.0,0.17391304347826086,0.21739130434782608
108,OGWM_108,PFC_cTBS,compatible,invalid,133,10432.0,15048.0,17448.0,19064.0,22,15776,22,0.0,0.0,711.5203326295479,1004.1241594961828,132.07573105048243,177.02416106825652,8632.0,23.0,0.0,0.0
109,OGWM_108,PFC_cTBS,compatible,neutral,211,25425.0,34765.0,37349.0,47180.0,53,38161,52,0.0,1.0,871.0612972468962,1902.3996494296252,252.43748608238207,399.82211361231396,21755.0,54.0,0.0,0.018518518518518517
110,OGWM_108,PFC_cTBS,compatible,valid,418,37397.0,52981.0,56859.0,71748.0,83,55902,82,0.0,0.0,2982.2958548794686,3579.424246633528,469.05971069487896,634.1791955957665,34351.0,85.0,0.0,0.0
111,OGWM_108,PFC_cTBS,incompatible,invalid,500,43794.0,58412.0,61812.0,78246.0,84,58936,82,3.0,6.0,-853.2597908451509,-2209.4091274719954,1004.6257141670179,1483.4880926607489,34452.0,85.0,0.03529411764705882,0.07058823529411765
112,OGWM_108,PFC_cTBS,incompatible,neutral,215,26833.0,37801.0,41811.0,49762.0,53,36122,53,5.0,7.0,373.60155231134274,151.79083063961443,782.1229791573162,1045.4820085334409,22929.0,54.0,0.09259259259259259,0.12962962962962962
113,OGWM_108,PFC_cTBS,incompatible,valid,107,11314.0,15198.0,16554.0,20366.0,22,14933,22,1.0,3.0,1000.7167439585803,1269.633163152314,194.87122803134406,440.0361877196757,9052.0,23.0,0.043478260869565216,0.13043478260869565
114,OGWM_108,PFC_iTBS,compatible,invalid,168,16638.0,18463.0,2120.0,19072.0,24,18638,24,0.0,0.0,-343.27345261513545,-341.0503892687128,91.40453541701825,99.11726498317725,2434.0,24.0,0.0,0.0
115,OGWM_108,PFC_iTBS,compatible,neutral,94,32677.0,35601.0,1315.0,35646.0,48,34106,48,0.0,0.0,1441.3538355720616,3219.027120692138,163.28490278792165,177.0340328972618,2969.0,54.0,0.0,0.0
116,OGWM_108,PFC_iTBS,compatible,valid,500,57358.0,62528.0,2432.0,62880.0,83,62667,80,0.0,0.0,1534.3468423958363,2232.7105529290825,316.3266949744001,390.66862019527093,5522.0,86.0,0.0,0.0
117,OGWM_108,PFC_iTBS,incompatible,invalid,516,55282.0,60155.0,4130.0,61204.0,74,59673,74,1.0,1.0,1271.5756014983476,3042.397501961901,416.66407299398986,449.1641826145077,5922.0,84.0,0.011904761904761904,0.011904761904761904
118,OGWM_108,PFC_iTBS,incompatible,neutral,97,35341.0,38917.0,,38997.0,49,37839,48,0.0,0.0,1265.583522051672,1952.4729406146596,187.68461171624352,234.1133168886885,3656.0,54.0,0.0,0.0
119,OGWM_108,PFC_iTBS,incompatible,valid,118,14666.0,17139.0,1175.0,17472.0,20,15287,20,0.0,0.0,1741.5088436754222,1737.7039140922384,87.76998887847239,99.67339059189791,2806.0,22.0,0.0,0.0
120,OGWM_108,no_TMS,compatible,invalid,140,10386.0,14204.0,16306.0,19010.0,22,16026,22,0.0,1.0,704.1183942407073,47.93937741892793,106.99377388512579,181.71890442148782,8624.0,23.0,0.0,0.043478260869565216
121,OGWM_108,no_TMS,compatible,neutral,247,28353.0,36579.0,30103.0,44525.0,52,42930,52,0.0,0.0,2474.0948398439955,3889.0793140888086,213.51145718577473,303.2537515208163,16172.0,54.0,0.0,0.0
122,OGWM_108,no_TMS,compatible,valid,345,41364.0,56307.0,58730.0,75386.0,86,65821,85,0.0,0.0,21.158892026304272,694.4524783065792,346.3330792891828,481.27882421802786,34022.0,86.0,0.0,0.0
123,OGWM_108,no_TMS,incompatible,invalid,524,45557.0,61995.0,73335.0,81241.0,83,64408,83,1.0,8.0,1865.3339153830382,1556.4572078599185,597.8915695341864,1319.5465343218893,35684.0,85.0,0.011764705882352941,0.09411764705882353
124,OGWM_108,no_TMS,incompatible,neutral,241,29205.0,37964.0,29937.0,46468.0,51,42692,50,3.0,4.0,1026.1438598674472,1921.5643586624005,544.9566176051711,804.0720247275183,17263.0,54.0,0.05555555555555555,0.07407407407407407
125,OGWM_108,no_TMS,incompatible,valid,78,11247.0,14323.0,15756.0,19371.0,20,15637,20,1.0,2.0,-423.51737284880915,-653.9842159785577,176.10976916838712,311.7374598930479,8124.0,22.0,0.045454545454545456,0.09090909090909091
126,OGWM_109,PFC_cTBS,compatible,invalid,170,11321.0,16519.0,14713.0,21660.0,23,19955,22,0.0,1.0,-1527.0580356590813,-1299.599328918874,160.7899506840477,253.73236461988677,10339.0,24.0,0.0,0.041666666666666664
127,OGWM_109,PFC_cTBS,compatible,neutral,229,23410.0,31658.0,35484.0,41918.0,52,40347,52,1.0,3.0,-2278.75898856204,-1261.1646136896156,446.9487857190262,542.742675475967,18508.0,54.0,0.018518518518518517,0.05555555555555555
128,OGWM_109,PFC_cTBS,compatible,valid,272,35945.0,48302.0,56968.0,69029.0,82,69329,82,2.0,2.0,-1919.5395654633792,-3656.051954408386,673.8849949734436,855.3127265076594,33084.0,84.0,0.023809523809523808,0.023809523809523808
129,OGWM_109,PFC_cTBS,incompatible,invalid,585,40920.0,55402.0,61209.0,74410.0,80,65557,78,6.0,9.0,-1597.3925549917176,-695.2388437905917,986.6093293955549,1377.7021620550188,33490.0,84.0,0.07142857142857142,0.10714285714285714
130,OGWM_109,PFC_cTBS,incompatible,neutral,222,28206.0,36588.0,39995.0,48045.0,52,46292,52,1.0,3.0,-2127.4806773965383,-1033.8333712040312,315.83950052898774,552.501411927445,19839.0,54.0,0.018518518518518517,0.05555555555555555
131,OGWM_109,PFC_cTBS,incompatible,valid,72,11186.0,15224.0,15194.0,20010.0,22,17408,22,4.0,5.0,-856.8999971999818,125.42622108213125,477.2135273137692,571.4385747694255,8824.0,24.0,0.16666666666666666,0.20833333333333334
132,OGWM_109,PFC_iTBS,compatible,invalid,101,10373.0,13761.0,12642.0,17236.0,21,21677,21,2.0,2.0,-1821.2445373935666,-1802.5566302488583,343.2910066999448,376.9939948837332,6863.0,22.0,0.09090909090909091,0.09090909090909091
133,OGWM_109,PFC_iTBS,compatible,neutral,213,22697.0,30390.0,32214.0,41571.0,52,50813,50,0.0,2.0,-4119.132776413572,-3860.325855566919,306.1056093707382,431.64242800193546,18874.0,54.0,0.0,0.037037037037037035
134,OGWM_109,PFC_iTBS,compatible,valid,506,38720.0,51290.0,55913.0,69062.0,84,77445,84,1.0,1.0,-1875.8506894659643,-755.6583511890022,487.42682140067984,581.8887656976384,30342.0,86.0,0.011627906976744186,0.011627906976744186
135,OGWM_109,PFC_iTBS,incompatible,invalid,398,42354.0,56340.0,59215.0,72398.0,80,77112,80,2.0,6.0,-4916.429362129248,-4579.092489992583,653.983414101277,1119.9469889684833,30044.0,86.0,0.023255813953488372,0.06976744186046512
136,OGWM_109,PFC_iTBS,incompatible,neutral,206,26624.0,35800.0,39890.0,46548.0,52,54005,51,3.0,5.0,-495.8611588697884,-789.4192497936147,658.908852970374,876.9623004827006,19924.0,54.0,0.05555555555555555,0.09259259259259259
137,OGWM_109,PFC_iTBS,incompatible,valid,118,10147.0,13619.0,14839.0,17609.0,20,21345,20,2.0,2.0,-984.2475706604366,248.4275169232119,379.17416579250926,420.66861129238816,7462.0,22.0,0.09090909090909091,0.09090909090909091
138,OGWM_109,no_TMS,compatible,invalid,138,11256.0,15742.0,17944.0,21123.0,20,14535,20,1.0,1.0,332.9028629432198,6.2044930520197,259.0397797094764,293.00308437605634,9867.0,22.0,0.045454545454545456,0.045454545454545456
139,OGWM_109,no_TMS,compatible,neutral,217,26958.0,34875.0,40581.0,48124.0,51,39470,51,1.0,1.0,-1186.393541792336,346.8758605523295,330.15646198452066,516.1032863124802,21166.0,54.0,0.018518518518518517,0.018518518518518517
140,OGWM_109,no_TMS,compatible,valid,300,40171.0,54151.0,61288.0,74099.0,82,60292,82,2.0,3.0,-1878.7105087220457,-2971.911966872705,770.7980231296425,947.9969891376065,33928.0,85.0,0.023529411764705882,0.03529411764705882
141,OGWM_109,no_TMS,incompatible,invalid,527,46085.0,60379.0,64695.0,79741.0,76,66239,74,7.0,8.0,340.91753390464623,263.7232681738145,1067.2920118012512,1365.7131672057262,33656.0,86.0,0.08139534883720931,0.09302325581395349
142,OGWM_109,no_TMS,incompatible,neutral,198,27632.0,35799.0,39831.0,48363.0,48,37653,48,3.0,4.0,-298.3266361625019,830.0955862930807,573.4458797926002,713.7713562948445,20731.0,54.0,0.05555555555555555,0.07407407407407407
143,OGWM_109,no_TMS,incompatible,valid,77,11029.0,15019.0,17124.0,20454.0,21,18115,20,3.0,4.0,-923.8383885907494,-1078.031311866042,378.2673054551625,536.872942522958,9425.0,23.0,0.13043478260869565,0.17391304347826086
144,OGWM_110,PFC_cTBS,compatible,invalid,98,10984.0,13570.0,13208.0,18634.0,22,12232,22,0.0,0.0,-11.90859519763697,-27.43861504884282,96.5424884724548,98.94547205122345,7650.0,24.0,0.0,0.0
145,OGWM_110,PFC_cTBS,compatible,neutral,180,25387.0,33679.0,32240.0,43465.0,54,29111,53,1.0,1.0,1608.8464126171093,1231.995510628228,314.266076511656,354.41230900690243,18078.0,54.0,0.018518518518518517,0.018518518518518517
146,OGWM_110,PFC_cTBS,compatible,valid,590,34286.0,43508.0,41716.0,59732.0,80,45222,79,1.0,1.0,409.1718860895053,-1014.3478009995854,356.5111796823583,447.9298273462165,25446.0,84.0,0.011904761904761904,0.011904761904761904
147,OGWM_110,PFC_cTBS,incompatible,invalid,347,43482.0,56330.0,50887.0,69389.0,79,45881,79,4.0,7.0,2039.5916602646957,3415.794455096158,663.6254915875128,1125.3536250761538,25907.0,84.0,0.047619047619047616,0.08333333333333333
148,OGWM_110,PFC_cTBS,incompatible,neutral,173,28235.0,38223.0,34481.0,47377.0,51,30464,51,5.0,6.0,2040.8947452916232,2927.071229337398,804.1211586917582,982.8667482472629,19142.0,54.0,0.09259259259259259,0.1111111111111111
149,OGWM_110,PFC_cTBS,incompatible,valid,176,12904.0,16864.0,15152.0,21206.0,24,13539,24,3.0,4.0,-87.55141738504253,40.384766275305395,560.8073441392708,710.5250746333375,8302.0,24.0,0.125,0.16666666666666666
150,OGWM_110,PFC_iTBS,compatible,invalid,152,11234.0,14640.0,13642.0,18992.0,24,14668,24,1.0,1.0,450.77363892050255,87.31867129400685,150.33400168542892,154.77928405992975,7758.0,24.0,0.041666666666666664,0.041666666666666664
151,OGWM_110,PFC_iTBS,compatible,neutral,264,22086.0,29603.0,27245.0,39388.0,53,32059,53,0.0,0.0,1538.7391935230376,1878.334068427203,231.38548629729036,285.0354958413928,17302.0,54.0,0.0,0.0
152,OGWM_110,PFC_iTBS,compatible,valid,306,34735.0,45833.0,49364.0,61820.0,83,47622,82,1.0,1.0,1148.8657801022828,2930.994511116491,392.43571454846176,424.81547618945604,27085.0,84.0,0.011904761904761904,0.011904761904761904
153,OGWM_110,PFC_iTBS,incompatible,invalid,511,43939.0,56277.0,52585.0,71534.0,81,46742,80,2.0,4.0,-3695.3922945478616,-4005.0531780820047,541.0724855711692,774.7206153342181,27595.0,84.0,0.023809523809523808,0.047619047619047616
154,OGWM_110,PFC_iTBS,incompatible,neutral,241,26569.0,34299.0,31244.0,43452.0,49,30599,46,1.0,3.0,423.0830871856539,725.0181475080547,296.12713084558453,435.5769899404585,16883.0,54.0,0.018518518518518517,0.05555555555555555
155,OGWM_110,PFC_iTBS,incompatible,valid,70,10285.0,13139.0,10697.0,16342.0,19,11923,19,0.0,1.0,-545.9994196034471,-268.68657347369185,78.91049877410433,169.25696223808717,6057.0,24.0,0.0,0.041666666666666664
156,OGWM_110,no_TMS,compatible,invalid,135,10791.0,15390.0,15642.0,19453.0,23,16274,23,0.0,0.0,547.3269790600539,534.4779460479087,79.42477177027402,119.12658506850997,8662.0,23.0,0.0,0.0
157,OGWM_110,no_TMS,compatible,neutral,122,24255.0,33722.0,38097.0,46964.0,53,41138,49,0.0,0.0,-1619.9019300686089,-175.09694317826106,256.92321635813244,285.70474243573545,22709.0,54.0,0.0,0.0
158,OGWM_110,no_TMS,compatible,valid,531,35438.0,47776.0,56911.0,66018.0,80,60702,80,0.0,0.0,723.9958017601102,-684.9866046406854,267.1158466308125,325.1660185210293,30580.0,84.0,0.0,0.0
159,OGWM_110,no_TMS,incompatible,invalid,486,47516.0,62942.0,55372.0,77415.0,79,59723,78,1.0,3.0,-299.32563002299423,2244.265368609327,409.0164572640721,622.8659784406626,29899.0,85.0,0.011764705882352941,0.03529411764705882
160,OGWM_110,no_TMS,incompatible,neutral,111,28639.0,37241.0,38980.0,46899.0,45,37940,42,0.0,1.0,-186.33634746515602,816.58076869994,192.7612429153734,323.2721922386131,18260.0,54.0,0.0,0.018518518518518517
161,OGWM_110,no_TMS,incompatible,valid,148,13352.0,18035.0,17917.0,22282.0,22,19245,22,1.0,1.0,-283.3746614290962,-1341.5313557297018,157.18892110326703,179.00939569885952,8930.0,24.0,0.041666666666666664,0.041666666666666664
162,OGWM_111,PFC_cTBS,compatible,invalid,124,11161.0,14779.0,16854.0,19330.0,23,18474,23,0.0,0.0,-194.0378120841708,168.13870966860304,85.19730222778728,121.25606830697646,8169.0,23.0,0.0,0.0
163,OGWM_111,PFC_cTBS,compatible,neutral,142,24271.0,33418.0,35757.0,43223.0,53,46663,53,0.0,0.0,-1629.4813738875719,-1622.6058559412686,177.81256815991082,190.459478374876,18952.0,54.0,0.0,0.0
164,OGWM_111,PFC_cTBS,compatible,valid,573,35454.0,48556.0,54525.0,66262.0,82,61409,82,1.0,2.0,202.2467441748239,523.9087033375135,418.9305311984982,547.4725116693087,30808.0,85.0,0.011764705882352941,0.023529411764705882
165,OGWM_111,PFC_cTBS,incompatible,invalid,446,41663.0,56977.0,56954.0,73828.0,83,62489,82,1.0,6.0,4684.484369029532,3585.511339999728,403.9174135579086,1161.0025544184753,32165.0,85.0,0.011764705882352941,0.07058823529411765
166,OGWM_111,PFC_cTBS,incompatible,neutral,138,25961.0,33520.0,39305.0,44122.0,50,45815,49,1.0,2.0,203.83628252707447,1178.1168414547847,361.3749297081223,540.0023010638529,18161.0,54.0,0.018518518518518517,0.037037037037037035
167,OGWM_111,PFC_cTBS,incompatible,valid,154,11434.0,16016.0,16340.0,20170.0,22,18883,22,2.0,2.0,416.84426186173823,374.2913058511448,223.07526951543932,301.04300392969566,8736.0,23.0,0.08695652173913043,0.08695652173913043
168,OGWM_111,PFC_iTBS,compatible,invalid,112,10095.0,13729.0,14409.0,17868.0,23,15342,23,0.0,0.0,554.4421535951346,923.0311251078816,134.27484890662026,167.2306854504882,7773.0,24.0,0.0,0.0
169,OGWM_111,PFC_iTBS,compatible,neutral,232,22111.0,31173.0,34503.0,39654.0,52,33016,52,0.0,1.0,-3876.5916867373467,-3095.064722926957,211.3319645102243,298.5975147396616,17543.0,54.0,0.0,0.018518518518518517
170,OGWM_111,PFC_iTBS,compatible,valid,467,34238.0,46538.0,46676.0,61661.0,83,56335,83,0.0,2.0,-883.7367828013154,-328.26356514254826,379.53610190379356,673.7050641814578,27423.0,85.0,0.0,0.023529411764705882
171,OGWM_111,PFC_iTBS,incompatible,invalid,417,37881.0,51977.0,54815.0,67512.0,83,53720,82,3.0,7.0,-1683.139533780031,-1473.3780563150976,852.1835800274009,1248.8985659138602,29631.0,84.0,0.03571428571428571,0.08333333333333333
172,OGWM_111,PFC_iTBS,incompatible,neutral,222,23277.0,33021.0,31174.0,42816.0,52,34602,52,1.0,6.0,-55.52336374059465,898.1714016373261,296.1124878735951,745.0077018126584,19539.0,54.0,0.018518518518518517,0.1111111111111111
173,OGWM_111,PFC_iTBS,incompatible,valid,118,10046.0,14134.0,13466.0,18292.0,22,18087,21,1.0,3.0,-29.588697878345016,-73.29123671258864,218.43567751821598,463.57686904453146,8246.0,23.0,0.043478260869565216,0.13043478260869565
174,OGWM_111,no_TMS,compatible,invalid,128,12001.0,15487.0,17396.0,19923.0,23,18143,23,0.0,0.0,208.6510660753503,-1543.3685271742943,63.30408646969161,104.47171266986038,7922.0,23.0,0.0,0.0
175,OGWM_111,no_TMS,compatible,neutral,195,25758.0,35323.0,36377.0,44910.0,53,38192,53,1.0,1.0,491.31879446814594,-191.21087382606805,325.54772703063406,405.7476387837032,19152.0,54.0,0.018518518518518517,0.018518518518518517
176,OGWM_111,no_TMS,compatible,valid,450,36753.0,47767.0,57700.0,65681.0,80,54334,80,0.0,0.0,-2106.9911029319956,-1716.7155393514497,321.9401381768747,383.46861247648434,28928.0,84.0,0.0,0.0
177,OGWM_111,no_TMS,incompatible,invalid,448,39546.0,53882.0,56248.0,67488.0,78,57802,78,2.0,5.0,-755.5556047778598,-502.6042111449052,569.9494684044687,1146.0536149302861,27942.0,85.0,0.023529411764705882,0.058823529411764705
178,OGWM_111,no_TMS,incompatible,neutral,185,24624.0,33529.0,35237.0,43857.0,49,36101,49,1.0,2.0,-722.7629146954619,-352.52812958757397,409.9867724661576,588.2787564776254,19233.0,54.0,0.018518518518518517,0.037037037037037035
179,OGWM_111,no_TMS,incompatible,valid,111,9669.0,13237.0,14722.0,16592.0,19,13680,19,2.0,3.0,368.26657943276916,497.1950257402799,269.07697172998235,343.2827105407157,6923.0,24.0,0.08333333333333333,0.125
180,OGWM_112,PFC_cTBS,compatible,invalid,162,12495.0,16373.0,19031.0,21642.0,23,14866,23,0.0,0.0,189.56027653016687,549.9128692654275,61.69335934524119,78.7621257453606,9147.0,24.0,0.0,0.0
181,OGWM_112,PFC_cTBS,compatible,neutral,233,26304.0,34321.0,38579.0,45415.0,49,32083,49,1.0,1.0,1384.4990804378708,1377.121130484909,356.91992097695993,386.2839902981264,19111.0,54.0,0.018518518518518517,0.018518518518518517
182,OGWM_112,PFC_cTBS,compatible,valid,251,42161.0,55209.0,63371.0,75023.0,84,55453,84,4.0,4.0,3278.5047971409845,3280.445459009065,870.6606026711609,933.3272495197901,32862.0,85.0,0.047058823529411764,0.047058823529411764
183,OGWM_112,PFC_cTBS,incompatible,invalid,581,46399.0,58589.0,67764.0,78600.0,83,52536,83,0.0,1.0,948.3964007741021,1402.8042022212212,304.53452020514067,472.7615227062011,32201.0,84.0,0.0,0.011904761904761904
184,OGWM_112,PFC_cTBS,incompatible,neutral,264,28188.0,35264.0,41330.0,48385.0,52,34576,51,0.0,1.0,1093.0535966417606,2092.072808759809,212.86815257449967,353.02308316138533,20197.0,54.0,0.0,0.018518518518518517
185,OGWM_112,PFC_cTBS,incompatible,valid,69,12681.0,15815.0,18435.0,21112.0,23,14894,22,0.0,0.0,2286.1819294628235,1924.7819037204388,89.71444174978646,108.48635198101911,8431.0,23.0,0.0,0.0
186,OGWM_112,PFC_iTBS,compatible,invalid,128,12232.0,14714.0,17018.0,19356.0,22,14094,22,0.0,1.0,30.861922705207263,290.68835333861347,77.27725116184143,175.04657881518207,7124.0,24.0,0.0,0.041666666666666664
187,OGWM_112,PFC_iTBS,compatible,neutral,215,28169.0,35348.0,37879.0,46011.0,53,37967,53,2.0,4.0,5003.508246620472,6734.2167368268565,317.917193693072,453.07394992447007,17842.0,54.0,0.037037037037037035,0.07407407407407407
188,OGWM_112,PFC_iTBS,compatible,valid,419,42360.0,51228.0,57992.0,69542.0,84,56310,83,1.0,2.0,5140.784966104646,6089.116677760761,445.95450581663397,554.0563216368157,27182.0,85.0,0.011764705882352941,0.023529411764705882
189,OGWM_112,PFC_iTBS,incompatible,invalid,496,45462.0,54772.0,60531.0,71090.0,80,56386,80,0.0,3.0,-1740.1808512265516,169.9268572833562,293.4716787311297,564.4580744823577,25628.0,84.0,0.0,0.03571428571428571
190,OGWM_112,PFC_iTBS,incompatible,neutral,207,29548.0,35376.0,38022.0,46236.0,52,40633,52,1.0,1.0,3835.8899914675226,4891.460117613169,210.13319577345754,255.59696979811915,16688.0,54.0,0.018518518518518517,0.018518518518518517
191,OGWM_112,PFC_iTBS,incompatible,valid,116,12399.0,15127.0,17197.0,19882.0,23,17534,22,2.0,2.0,411.859926988349,766.72685581442,340.43132059937466,355.9953178734037,7483.0,23.0,0.08695652173913043,0.08695652173913043
192,OGWM_112,no_TMS,compatible,invalid,135,13994.0,17604.0,20000.0,22810.0,22,15066,22,1.0,1.0,191.3385016547609,184.02668332466476,252.77350460704088,286.7729790577306,8816.0,24.0,0.041666666666666664,0.041666666666666664
193,OGWM_112,no_TMS,compatible,neutral,121,29049.0,36870.0,42637.0,48402.0,50,32383,50,1.0,1.0,991.8717888091663,648.155119463995,268.7548165462416,286.3067889985555,19353.0,54.0,0.018518518518518517,0.018518518518518517
194,OGWM_112,no_TMS,compatible,valid,555,46829.0,56853.0,65942.0,77640.0,83,52094,83,1.0,1.0,2829.205506829173,3209.7129600889475,473.7531950563365,531.8676362429073,30811.0,86.0,0.011627906976744186,0.011627906976744186
195,OGWM_112,no_TMS,incompatible,invalid,471,46396.0,57398.0,65411.0,76920.0,78,50277,78,1.0,1.0,2346.5478952877465,1666.4330470056536,466.4839669752874,498.168173296292,30524.0,84.0,0.011904761904761904,0.011904761904761904
196,OGWM_112,no_TMS,incompatible,neutral,122,29902.0,36931.0,41156.0,48899.0,51,34536,51,0.0,0.0,4028.5824339238343,3639.18787798622,169.83685720352423,234.4071182774644,18997.0,54.0,0.0,0.0
197,OGWM_112,no_TMS,incompatible,valid,143,12037.0,15353.0,17817.0,19912.0,21,13256,21,0.0,0.0,-1604.9774801739977,-882.6656108112095,58.59639370103133,68.8638683866549,7875.0,22.0,0.0,0.0
198,OGWM_113,PFC_cTBS,compatible,invalid,87,11523.0,16609.0,18289.0,22345.0,22,20560,21,2.0,3.0,-1759.0793832191735,-1438.3667218443297,236.61247823854237,285.04432326332335,10822.0,23.0,0.08695652173913043,0.13043478260869565
199,OGWM_113,PFC_cTBS,compatible,neutral,170,28489.0,39858.0,44438.0,54595.0,51,50185,49,3.0,4.0,-947.8268110770389,-1629.9518195789046,548.3813889939182,682.4165816026333,26106.0,54.0,0.05555555555555555,0.07407407407407407
200,OGWM_113,PFC_cTBS,compatible,valid,617,31396.0,46056.0,54695.0,66565.0,80,75304,80,3.0,4.0,-795.4273598146849,59.09526290136489,805.5384920979423,1050.0462458680067,35169.0,86.0,0.03488372093023256,0.046511627906976744
201,OGWM_113,PFC_cTBS,incompatible,invalid,280,42293.0,64239.0,63949.0,83164.0,73,69970,69,19.0,23.0,-3157.6747232024773,-2604.4538533039454,2384.1997587742358,2544.407478691424,40871.0,85.0,0.2235294117647059,0.27058823529411763
202,OGWM_113,PFC_cTBS,incompatible,neutral,169,30573.0,44874.0,44732.0,57581.0,51,49927,51,11.0,13.0,31.91464800835263,1006.8256620591117,1215.1757274440768,1597.3520931624216,27008.0,54.0,0.2037037037037037,0.24074074074074073
203,OGWM_113,PFC_cTBS,incompatible,valid,150,10296.0,19071.0,13919.0,23196.0,20,19257,17,9.0,8.0,-362.46835379411954,-332.8159781710656,852.0839274541247,866.3053623287411,12900.0,22.0,0.4090909090909091,0.36363636363636365
204,OGWM_113,PFC_iTBS,compatible,invalid,168,9788.0,15034.0,16494.0,20530.0,24,20264,22,3.0,4.0,33.63604491572076,117.29473049998114,474.39625063385176,616.546085956761,10742.0,24.0,0.125,0.16666666666666666
205,OGWM_113,PFC_iTBS,compatible,neutral,155,23170.0,32372.0,38139.0,45400.0,52,47520,51,2.0,3.0,-1239.6041733860498,-2337.81898157614,500.6556357443193,629.3006802916435,22230.0,54.0,0.037037037037037035,0.05555555555555555
206,OGWM_113,PFC_iTBS,compatible,valid,415,34282.0,50120.0,59258.0,75392.0,84,84138,80,2.0,6.0,-1835.2126804812558,-2998.9732849150714,772.3223111791283,1092.106308000938,41110.0,85.0,0.023529411764705882,0.07058823529411765
207,OGWM_113,PFC_iTBS,incompatible,invalid,549,36115.0,57647.0,61381.0,81775.0,79,69010,77,17.0,19.0,-935.5444045414122,-733.2143376094295,2337.8741415045943,2830.109386474213,45660.0,84.0,0.20238095238095238,0.2261904761904762
208,OGWM_113,PFC_iTBS,incompatible,neutral,152,26274.0,41626.0,43124.0,57234.0,50,46673,49,14.0,18.0,-2116.969654986753,-1598.80223027183,1657.9434715054317,2157.676421008565,30960.0,54.0,0.25925925925925924,0.3333333333333333
209,OGWM_113,PFC_iTBS,incompatible,valid,93,10406.0,16908.0,17305.0,22700.0,20,21188,20,7.0,7.0,-1153.1817498969488,-775.2452970248083,743.0730225865775,744.8284365111584,12294.0,23.0,0.30434782608695654,0.30434782608695654
210,OGWM_113,no_TMS,compatible,invalid,117,10267.0,15421.0,18661.0,23906.0,23,18075,22,2.0,1.0,-715.1903029892854,7.361548760744881,257.79748715745353,292.5119975635615,13639.0,23.0,0.08695652173913043,0.043478260869565216
211,OGWM_113,no_TMS,compatible,neutral,233,22192.0,31693.0,36688.0,46219.0,53,43471,51,3.0,5.0,-4104.995832733724,-2539.2644082345173,587.3961472437423,827.1992064770483,24027.0,54.0,0.05555555555555555,0.09259259259259259
212,OGWM_113,no_TMS,compatible,valid,470,31728.0,48610.0,54865.0,74384.0,83,66837,82,5.0,4.0,-2381.592141542058,-2065.9642412827675,1074.2316075956287,1284.0748199261684,42656.0,84.0,0.05952380952380952,0.047619047619047616
213,OGWM_113,no_TMS,incompatible,invalid,377,34104.0,58742.0,61042.0,82819.0,77,62309,70,18.0,25.0,-2253.259722045577,-1958.0397375345726,2346.199370712787,3281.1555072193987,48715.0,85.0,0.21176470588235294,0.29411764705882354
214,OGWM_113,no_TMS,incompatible,neutral,198,23557.0,36178.0,40107.0,50056.0,48,38192,44,7.0,10.0,-625.3809928363523,-1421.4684140157965,925.4956842747929,1352.8157049044653,26499.0,54.0,0.12962962962962962,0.18518518518518517
215,OGWM_113,no_TMS,incompatible,valid,134,9207.0,17071.0,18305.0,24214.0,23,20152,22,9.0,11.0,342.37701907605606,611.4998584194913,992.5476769093166,1242.4655598756121,15007.0,24.0,0.375,0.4583333333333333
216,OGWM_114,PFC_cTBS,compatible,invalid,104,13040.0,17858.0,21340.0,24210.0,24,18603,24,0.0,0.0,-1056.7088641754112,29.65122257025604,94.06075573499464,124.28607736966583,11170.0,24.0,0.0,0.0
217,OGWM_114,PFC_cTBS,compatible,neutral,234,28089.0,40749.0,47223.0,56223.0,54,43543,54,0.0,1.0,-3141.405322864065,-2535.884705062993,191.71569702749997,495.04888649011775,28134.0,54.0,0.0,0.018518518518518517
218,OGWM_114,PFC_cTBS,compatible,valid,513,40991.0,56745.0,67786.0,83312.0,81,59747,80,0.0,3.0,-1205.1883890853892,-1645.3982727475714,409.27956912391653,622.5548973325358,42321.0,84.0,0.0,0.03571428571428571
219,OGWM_114,PFC_cTBS,incompatible,invalid,355,46654.0,64038.0,76040.0,89809.0,82,66230,82,0.0,2.0,-3136.676841976271,-1406.802912778463,364.3486190583589,729.3261867117808,43155.0,84.0,0.0,0.023809523809523808
220,OGWM_114,PFC_cTBS,incompatible,neutral,222,29123.0,42962.0,49806.0,59124.0,52,44575,52,1.0,3.0,-157.52798156116984,-676.5110694065276,429.1329802411285,742.5861506367403,30001.0,54.0,0.018518518518518517,0.05555555555555555
221,OGWM_114,PFC_cTBS,incompatible,valid,125,11847.0,15647.0,19079.0,23163.0,20,16217,20,0.0,0.0,388.61842619877604,1099.9703035839784,85.59438415961043,124.06954647630636,11316.0,24.0,0.0,0.0
222,OGWM_114,PFC_iTBS,compatible,invalid,168,12514.0,17288.0,20432.0,24561.0,24,16391,24,1.0,1.0,619.2023331011002,1667.305756969253,175.4142988195015,196.5163038728163,12047.0,24.0,0.041666666666666664,0.041666666666666664
223,OGWM_114,PFC_iTBS,compatible,neutral,219,23607.0,33010.0,39025.0,48588.0,51,32124,51,0.0,0.0,940.0761628630781,2372.3198731384928,218.71029076912535,290.2384274788823,24981.0,54.0,0.0,0.0
224,OGWM_114,PFC_iTBS,compatible,valid,303,41749.0,59215.0,69499.0,83961.0,82,55604,80,1.0,2.0,-592.4578327590739,46.762143847976574,478.6120787617185,645.2497171129284,42212.0,84.0,0.011904761904761904,0.023809523809523808
225,OGWM_114,PFC_iTBS,incompatible,invalid,543,42839.0,58002.0,67254.0,81324.0,78,56276,77,1.0,6.0,1042.6311830386069,891.8146511114876,477.73770740077384,996.9803702107215,38485.0,84.0,0.011904761904761904,0.07142857142857142
226,OGWM_114,PFC_iTBS,incompatible,neutral,210,27499.0,39237.0,45321.0,53807.0,50,35629,50,1.0,2.0,866.0917082893344,596.1106259908491,396.9100856114135,569.4957045898068,26308.0,54.0,0.018518518518518517,0.037037037037037035
227,OGWM_114,PFC_iTBS,incompatible,valid,83,11421.0,16127.0,19175.0,23823.0,22,14809,22,1.0,3.0,420.5855405475045,295.578508185713,217.44464410036966,448.2665865146234,12402.0,24.0,0.041666666666666664,0.125
228,OGWM_114,no_TMS,compatible,invalid,183,10876.0,14714.0,18320.0,22157.0,23,15539,23,0.0,0.0,2292.0798153602,2240.554416596074,132.25051414970594,193.1849185656729,11281.0,23.0,0.0,0.0
229,OGWM_114,no_TMS,compatible,neutral,126,26069.0,36864.0,43287.0,52087.0,54,38883,54,0.0,0.0,370.3378305608883,1794.4487165651487,242.41146064634478,319.83829984893475,26018.0,54.0,0.0,0.0
230,OGWM_114,no_TMS,compatible,valid,381,38376.0,56726.0,63629.0,79423.0,82,56579,79,5.0,10.0,-2784.7231225426585,-2109.8303145200157,985.7791193515756,1468.9161950728185,41047.0,86.0,0.05813953488372093,0.11627906976744186
231,OGWM_114,no_TMS,incompatible,invalid,630,42159.0,61679.0,71453.0,87424.0,79,54456,79,6.0,12.0,-174.4382434076799,778.8154071887955,1190.3911589673837,1929.8423555849376,45265.0,85.0,0.07058823529411765,0.1411764705882353
232,OGWM_114,no_TMS,incompatible,neutral,123,26781.0,37077.0,43527.0,52164.0,52,31554,51,1.0,1.0,-532.9828654895543,1850.8821809111355,442.7715464914236,430.8307336053394,25383.0,54.0,0.018518518518518517,0.018518518518518517
233,OGWM_114,no_TMS,incompatible,valid,87,9661.0,15055.0,17593.0,19990.0,19,13549,19,1.0,2.0,368.09002044019053,447.14963047367024,286.9466877619757,516.3615147375531,10329.0,22.0,0.045454545454545456,0.09090909090909091
234,OGWM_115,PFC_cTBS,compatible,invalid,119,10203.0,14313.0,12474.0,17274.0,21,12646,21,0.0,0.0,557.048326588056,573.1785357674362,82.04834395548599,97.2462782100173,7071.0,21.0,0.0,0.0
235,OGWM_115,PFC_cTBS,compatible,neutral,171,24732.0,35829.0,33974.0,46165.0,52,31336,52,0.0,1.0,2021.341977491897,1952.8441098788144,420.0555573153558,577.013113535862,21433.0,54.0,0.0,0.018518518518518517
236,OGWM_115,PFC_cTBS,compatible,valid,486,35642.0,51332.0,39001.0,63090.0,80,45383,80,0.0,4.0,1793.3109760173145,2949.959469827965,471.7576817033017,786.6120408594876,27448.0,84.0,0.0,0.047619047619047616
237,OGWM_115,PFC_cTBS,incompatible,invalid,464,41573.0,63959.0,38858.0,77086.0,83,52790,83,10.0,21.0,662.4400215686135,372.91940703087846,1438.3961891998567,2809.700914517377,35513.0,87.0,0.11494252873563218,0.2413793103448276
238,OGWM_115,PFC_cTBS,incompatible,neutral,169,27085.0,40184.0,32209.0,49002.0,49,30585,47,4.0,8.0,1382.0483957105064,1417.2687393226306,867.2326588360213,1324.5365042094072,21917.0,54.0,0.07407407407407407,0.14814814814814814
239,OGWM_115,PFC_cTBS,incompatible,valid,128,10479.0,16581.0,11917.0,20271.0,22,14823,22,4.0,6.0,208.57086930499344,-74.19232487025218,500.02578386115067,776.2189855281318,9792.0,24.0,0.16666666666666666,0.25
240,OGWM_115,PFC_iTBS,compatible,invalid,160,12946.0,17314.0,7603.0,19923.0,22,14207,22,0.0,0.0,332.032635836777,697.6956389113483,107.41913295307882,137.34825755813597,6977.0,23.0,0.0,0.0
241,OGWM_115,PFC_iTBS,compatible,neutral,106,32120.0,43974.0,27890.0,51500.0,52,39019,52,2.0,4.0,-658.0212152521979,-268.8527186939499,443.5348154991814,605.2154861731307,19380.0,54.0,0.037037037037037035,0.07407407407407407
242,OGWM_115,PFC_iTBS,compatible,valid,468,46921.0,62303.0,41982.0,74345.0,83,63978,83,1.0,1.0,1672.775194358924,1983.303956138178,453.32534892536154,589.6909661027532,27424.0,84.0,0.011904761904761904,0.011904761904761904
243,OGWM_115,PFC_iTBS,incompatible,invalid,595,51990.0,71038.0,36455.0,81044.0,80,60589,78,6.0,10.0,3414.9200827901795,3413.6560511577945,1029.7830422153772,1783.650270532767,29054.0,85.0,0.07058823529411765,0.11764705882352941
244,OGWM_115,PFC_iTBS,incompatible,neutral,99,33970.0,43866.0,30460.0,51614.0,50,40837,50,3.0,3.0,595.6241237320703,-71.34752247792707,426.3518955576626,621.6055169287891,17644.0,54.0,0.05555555555555555,0.05555555555555555
245,OGWM_115,PFC_iTBS,incompatible,valid,123,13158.0,19182.0,15491.0,23110.0,22,17524,21,2.0,3.0,-369.0776354365663,-760.2236576962267,318.42044995065237,549.068454571362,9952.0,24.0,0.08333333333333333,0.125
246,OGWM_115,no_TMS,compatible,invalid,104,14872.0,21120.0,20521.0,25662.0,24,18298,24,0.0,1.0,32.081636900242444,681.2784536564255,125.40067810804032,260.4257458853889,10790.0,24.0,0.0,0.041666666666666664
247,OGWM_115,no_TMS,compatible,neutral,214,30523.0,44957.0,33024.0,53518.0,53,39497,52,2.0,2.0,-1672.350570547172,-2328.634732590842,473.00511438076643,646.030766001069,22995.0,54.0,0.037037037037037035,0.037037037037037035
248,OGWM_115,no_TMS,compatible,valid,560,44922.0,64322.0,55466.0,76650.0,84,62712,84,0.0,1.0,5896.648232816138,6502.694540302001,543.3504468500844,812.3057190700525,31728.0,85.0,0.0,0.011764705882352941
249,OGWM_115,no_TMS,incompatible,invalid,347,53205.0,75963.0,64875.0,90147.0,80,61828,79,6.0,11.0,1236.1636019126956,-359.5431033452285,938.2107639858255,1602.6129334096943,36942.0,84.0,0.07142857142857142,0.13095238095238096
250,OGWM_115,no_TMS,incompatible,neutral,213,33295.0,46387.0,36769.0,55910.0,52,41823,51,3.0,5.0,47.100602240914526,489.82068608114514,582.069100931781,997.7019941036194,22615.0,54.0,0.05555555555555555,0.09259259259259259
251,OGWM_115,no_TMS,incompatible,valid,137,13743.0,19869.0,14496.0,23197.0,21,19335,21,1.0,2.0,-456.38566285854347,-198.11981184847258,170.6869875755833,345.6854355734324,9454.0,23.0,0.043478260869565216,0.08695652173913043
252,OGWM_116,PFC_cTBS,compatible,invalid,141,11095.0,14085.0,12469.0,16582.0,21,12130,21,0.0,0.0,546.2363730220745,-519.4950911452847,44.22903930291747,51.97623003135823,5487.0,22.0,0.0,0.0
253,OGWM_116,PFC_cTBS,compatible,neutral,206,25073.0,32587.0,30485.0,39049.0,51,30797,50,0.0,0.0,-526.1658080875599,-509.6595075570535,101.06035345512714,125.64663698182252,13976.0,54.0,0.0,0.0
254,OGWM_116,PFC_cTBS,compatible,valid,349,38893.0,49177.0,44680.0,58030.0,81,49730,79,0.0,0.0,-1233.7821551116026,1300.733442904161,193.22765737957818,193.63534459505692,19137.0,84.0,0.0,0.0
255,OGWM_116,PFC_cTBS,incompatible,invalid,533,45538.0,57662.0,43403.0,66950.0,80,46899,80,3.0,3.0,1842.0027398529867,2743.3701019970945,477.76629040186776,525.0226694549826,21412.0,86.0,0.03488372093023256,0.03488372093023256
256,OGWM_116,PFC_cTBS,incompatible,neutral,201,29696.0,37876.0,30939.0,44248.0,50,31035,48,0.0,0.0,1054.121747687837,1061.550078627801,149.39861367089637,163.0003831028816,14552.0,54.0,0.0,0.0
257,OGWM_116,PFC_cTBS,incompatible,valid,100,11821.0,16087.0,14703.0,19696.0,23,12660,23,2.0,2.0,-443.11100473351246,271.72126549251743,322.8362829375361,342.5434769820797,7875.0,24.0,0.08333333333333333,0.08333333333333333
258,OGWM_116,PFC_iTBS,compatible,invalid,129,10001.0,13027.0,11733.0,15444.0,21,9970,21,0.0,0.0,175.08776200916705,541.1137051780123,40.735040261893914,47.87589431507047,5443.0,23.0,0.0,0.0
259,OGWM_116,PFC_iTBS,compatible,neutral,148,24599.0,34609.0,33424.0,40432.0,51,30552,51,0.0,1.0,1280.5422297949688,1120.2259948724382,134.56031507672665,319.2519996105927,15833.0,54.0,0.0,0.018518518518518517
260,OGWM_116,PFC_iTBS,compatible,valid,476,42738.0,56610.0,52656.0,66808.0,84,46751,83,0.0,0.0,2154.571170837484,1100.4531543838898,219.25979993859565,239.220833301344,24070.0,85.0,0.0,0.0
261,OGWM_116,PFC_iTBS,incompatible,invalid,494,43405.0,56883.0,50968.0,67469.0,78,47807,77,4.0,4.0,1070.8156329400726,2148.080013431811,547.0578290313756,564.1096640583748,24064.0,85.0,0.047058823529411764,0.047058823529411764
262,OGWM_116,PFC_iTBS,incompatible,neutral,158,29138.0,37701.0,34877.0,45086.0,52,31562,50,2.0,3.0,192.17889817029092,-929.5775282225469,402.54206544464876,508.56979143791455,15948.0,54.0,0.037037037037037035,0.05555555555555555
263,OGWM_116,PFC_iTBS,incompatible,valid,128,12331.0,16749.0,17443.0,19750.0,23,12679,23,3.0,3.0,2304.9554483704487,1253.0534496540165,412.322202696451,436.4137963698166,7419.0,23.0,0.13043478260869565,0.13043478260869565
264,OGWM_116,no_TMS,compatible,invalid,128,11798.0,16334.0,16141.0,20056.0,24,13466,24,0.0,0.0,349.6641817947962,1438.1017023685372,61.11008211870026,65.95229245628386,8258.0,24.0,0.0,0.0
265,OGWM_116,no_TMS,compatible,neutral,198,26402.0,36960.0,39219.0,46098.0,54,33360,53,0.0,0.0,-292.555124404156,-1665.7927143497038,162.42231591924218,215.74554386057733,19696.0,54.0,0.0,0.0
266,OGWM_116,no_TMS,compatible,valid,501,37903.0,51110.0,56539.0,64866.0,83,51049,82,0.0,0.0,-1176.724194603557,-1475.6491659697806,222.03427837836432,272.6036056401515,26963.0,85.0,0.0,0.0
267,OGWM_116,no_TMS,incompatible,invalid,420,44506.0,55944.0,58990.0,69172.0,80,52116,75,0.0,2.0,-1392.3516338289003,-72.08780855804036,258.9637567111976,474.09151013665183,24666.0,84.0,0.0,0.023809523809523808
268,OGWM_116,no_TMS,incompatible,neutral,171,25674.0,32519.0,34983.0,42108.0,46,30126,46,2.0,2.0,736.5114190940432,-308.71267920191326,311.72464355890554,363.39302830563565,16434.0,54.0,0.037037037037037035,0.037037037037037035
269,OGWM_116,no_TMS,incompatible,valid,137,12799.0,15825.0,17716.0,19990.0,23,14370,22,0.0,0.0,208.61983634668564,-508.0039774927012,78.99703879294708,129.0399152718455,7191.0,23.0,0.0,0.0
270,OGWM_117,PFC_cTBS,compatible,invalid,83,10961.0,16117.0,15574.0,20157.0,22,15084,22,0.0,1.0,-1025.4122340976298,447.02793746394957,87.72767473601098,149.6572028455457,9196.0,22.0,0.0,0.045454545454545456
271,OGWM_117,PFC_cTBS,compatible,neutral,233,24912.0,33429.0,38694.0,45385.0,53,36035,52,0.0,0.0,-111.71263218356853,600.2228882762976,257.80298077572445,333.9040540470245,20473.0,54.0,0.0,0.0
272,OGWM_117,PFC_cTBS,compatible,valid,602,36266.0,53684.0,55624.0,72181.0,86,57983,83,2.0,3.0,2253.0872978923635,1541.0035308592478,517.2469974574649,732.8639243955769,35915.0,86.0,0.023255813953488372,0.03488372093023256
273,OGWM_117,PFC_cTBS,incompatible,invalid,298,43226.0,60960.0,64347.0,81374.0,80,53811,80,6.0,10.0,140.03604987526373,1108.4809974874242,965.8888319852515,1569.5688443913025,38148.0,86.0,0.06976744186046512,0.11627906976744186
274,OGWM_117,PFC_cTBS,incompatible,neutral,217,26338.0,41163.0,38661.0,51264.0,49,38327,47,11.0,16.0,-1268.9634950208197,-1224.8065908164904,1468.2155817067414,1984.6530573011478,24926.0,54.0,0.2037037037037037,0.2962962962962963
275,OGWM_117,PFC_cTBS,incompatible,valid,138,8752.0,14136.0,14175.0,18130.0,20,13194,20,3.0,6.0,-270.07243332247214,339.5898456377724,516.672915830804,946.4297480537416,9378.0,22.0,0.13636363636363635,0.2727272727272727
276,OGWM_117,PFC_iTBS,compatible,invalid,98,11045.0,16315.0,16146.0,20054.0,21,13467,21,2.0,3.0,1033.7653602333703,609.850055963059,286.53166400462806,415.7088002793143,9009.0,23.0,0.08695652173913043,0.13043478260869565
277,OGWM_117,PFC_iTBS,compatible,neutral,296,24893.0,34373.0,35760.0,45879.0,52,34788,51,0.0,0.0,-697.9234616503604,714.8171739353068,234.88055238475533,318.74516877281724,20986.0,54.0,0.0,0.0
278,OGWM_117,PFC_iTBS,compatible,valid,388,32899.0,49115.0,51967.0,66341.0,82,58297,81,1.0,1.0,-3540.3062438353245,-2030.964088038596,474.1644881392451,586.0324336040167,33442.0,84.0,0.011904761904761904,0.011904761904761904
279,OGWM_117,PFC_iTBS,incompatible,invalid,384,45216.0,66824.0,63546.0,83532.0,82,61520,81,14.0,16.0,-1363.1044101178031,-927.4654521071122,1709.3010716779522,2086.8943759968956,38316.0,85.0,0.16470588235294117,0.18823529411764706
280,OGWM_117,PFC_iTBS,incompatible,neutral,294,27159.0,39303.0,40161.0,49675.0,50,36906,49,8.0,10.0,-172.70039988920792,314.20457521308754,988.906872645562,1236.0155737425746,22516.0,54.0,0.14814814814814814,0.18518518518518517
281,OGWM_117,PFC_iTBS,incompatible,valid,104,11149.0,16750.0,15870.0,20702.0,22,15439,22,2.0,3.0,379.51564259131385,-90.96170593176092,304.2326357340468,424.05057315672514,9553.0,24.0,0.08333333333333333,0.125
282,OGWM_117,no_TMS,compatible,invalid,112,12284.0,16806.0,19946.0,22880.0,24,14883,24,0.0,3.0,1721.7836412860515,1135.7012553883926,143.33804285713057,396.15476401006754,10596.0,24.0,0.0,0.125
283,OGWM_117,no_TMS,compatible,neutral,260,22995.0,33596.0,33253.0,43385.0,51,29973,51,2.0,3.0,-1167.8018684876595,670.7299332519357,448.21313670973353,570.826827221442,20390.0,54.0,0.037037037037037035,0.05555555555555555
284,OGWM_117,no_TMS,compatible,valid,432,32897.0,48785.0,52956.0,69399.0,81,51726,80,0.0,1.0,231.0267706561105,-422.5918448848037,473.39983387270865,720.4050184760613,36502.0,85.0,0.0,0.011764705882352941
285,OGWM_117,no_TMS,incompatible,invalid,357,41681.0,62121.0,62843.0,80569.0,77,55559,72,13.0,21.0,1757.0718684599904,1127.9945873238153,1865.945582485867,2804.737131179313,38888.0,84.0,0.15476190476190477,0.25
286,OGWM_117,no_TMS,incompatible,neutral,254,24063.0,36935.0,33306.0,47000.0,50,31831,49,7.0,10.0,-201.12417627784032,1034.3782775003233,920.00291612313,1256.7679326559826,22937.0,54.0,0.12962962962962962,0.18518518518518517
287,OGWM_117,no_TMS,incompatible,valid,104,9738.0,15238.0,12846.0,20272.0,20,13627,17,2.0,3.0,75.44481809028105,800.5094770490683,364.79764497771765,479.6479211204876,10534.0,23.0,0.08695652173913043,0.13043478260869565
288,OGWM_118,PFC_cTBS,compatible,invalid,143,12639.0,20319.0,21351.0,26056.0,23,21072,22,3.0,4.0,112.21381778836871,694.895103556255,336.956681867787,416.6610814623999,13417.0,24.0,0.125,0.16666666666666666
289,OGWM_118,PFC_cTBS,compatible,neutral,262,23846.0,40152.0,41168.0,55631.0,51,46987,43,6.0,7.0,-785.5145169168203,1065.7795146898409,1019.7746078937661,1151.8933292442857,31785.0,54.0,0.1111111111111111,0.12962962962962962
290,OGWM_118,PFC_cTBS,compatible,valid,311,43540.0,60564.0,68667.0,82093.0,83,73147,83,3.0,3.0,-733.9880689496863,-752.2820719319254,779.5106270984733,847.1798355072513,38553.0,86.0,0.03488372093023256,0.03488372093023256
291,OGWM_118,PFC_cTBS,incompatible,invalid,482,44983.0,74433.0,69583.0,92594.0,76,76030,75,18.0,22.0,-812.9946191280686,-450.53364802849296,2313.066692077438,2952.8763325303476,47611.0,84.0,0.21428571428571427,0.2619047619047619
292,OGWM_118,PFC_cTBS,incompatible,neutral,239,25808.0,47036.0,47674.0,56628.0,47,47634,40,17.0,20.0,-627.9751563779149,-1201.5269103511262,2036.578252964286,2270.0624198120754,30820.0,54.0,0.3148148148148148,0.37037037037037035
293,OGWM_118,PFC_cTBS,incompatible,valid,70,10367.0,17751.0,17553.0,23358.0,19,19886,18,6.0,9.0,1031.6909703095082,1080.6889399974573,713.443997948615,846.6683490216269,12991.0,22.0,0.2727272727272727,0.4090909090909091
294,OGWM_118,PFC_iTBS,compatible,invalid,71,10825.0,18985.0,15817.0,22645.0,20,19339,19,0.0,3.0,1011.6964076813306,1758.6656328797749,148.88320343204268,421.2039756196058,11820.0,22.0,0.0,0.13636363636363635
295,OGWM_118,PFC_iTBS,compatible,neutral,162,25148.0,40483.0,44215.0,53780.0,49,41576,45,6.0,10.0,2421.1013886964056,1911.1688837814654,835.0911725797662,1211.6441412309425,28632.0,54.0,0.1111111111111111,0.18518518518518517
296,OGWM_118,PFC_iTBS,compatible,valid,649,38567.0,63587.0,66147.0,85927.0,81,70718,74,8.0,11.0,1340.5790280351434,601.6626953333814,1302.4548411608425,1774.3667413248,47360.0,85.0,0.09411764705882353,0.12941176470588237
297,OGWM_118,PFC_iTBS,incompatible,invalid,273,41840.0,72602.0,70041.0,92791.0,77,62083,72,18.0,22.0,3710.6894246007596,823.1238880605332,2312.233891116509,2743.553115002414,50951.0,86.0,0.20930232558139536,0.2558139534883721
298,OGWM_118,PFC_iTBS,incompatible,neutral,155,23693.0,45059.0,45103.0,58913.0,47,41159,45,15.0,20.0,555.6802622001793,1244.8179192020962,2175.5053612084157,2817.0294405935874,35220.0,54.0,0.2777777777777778,0.37037037037037035
299,OGWM_118,PFC_iTBS,incompatible,valid,155,8890.0,16721.0,16574.0,21356.0,19,15988,16,6.0,9.0,-133.27873387227112,39.69555161607886,712.0540151143889,1082.1967928103875,12466.0,23.0,0.2608695652173913,0.391304347826087
300,OGWM_118,no_TMS,compatible,invalid,100,11846.0,19904.0,18668.0,25246.0,22,20879,21,1.0,2.0,677.497891800927,908.006087524463,213.22283677612515,473.72432481645234,13400.0,22.0,0.045454545454545456,0.09090909090909091
301,OGWM_118,no_TMS,compatible,neutral,228,25919.0,45298.0,48399.0,56415.0,52,45645,49,4.0,10.0,-2051.35351591574,-1372.9993759857957,766.944348165393,1438.3387946368712,30496.0,54.0,0.07407407407407407,0.18518518518518517
302,OGWM_118,no_TMS,compatible,valid,480,30440.0,60938.0,64862.0,83230.0,80,70643,75,7.0,13.0,-3175.94632498194,-486.5370773160637,1374.9346542432975,2117.309621741503,52790.0,84.0,0.08333333333333333,0.15476190476190477
303,OGWM_118,no_TMS,incompatible,invalid,362,41897.0,74739.0,72319.0,93336.0,77,69997,69,22.0,34.0,873.5690422939654,387.411993077812,2903.0414373562817,4196.5646326238275,51439.0,86.0,0.2558139534883721,0.3953488372093023
304,OGWM_118,no_TMS,incompatible,neutral,231,28123.0,51223.0,44166.0,63463.0,53,46127,51,15.0,23.0,-1454.3117163203647,-288.5349841959137,2175.1625223515366,2880.910769975754,35340.0,54.0,0.2777777777777778,0.42592592592592593
305,OGWM_118,no_TMS,incompatible,valid,139,8813.0,21785.0,24289.0,28458.0,23,22166,22,4.0,13.0,-1114.7361522788751,-1327.9114259226822,652.5289143331489,1465.4421229790978,19645.0,24.0,0.16666666666666666,0.5416666666666666
306,OGWM_119,PFC_cTBS,compatible,invalid,139,10683.0,15051.0,16488.0,19642.0,23,13016,23,0.0,0.0,177.69320009418456,189.43615050650232,128.44171744430417,205.7947460850871,8959.0,23.0,0.0,0.0
307,OGWM_119,PFC_cTBS,compatible,neutral,180,25161.0,37273.0,37901.0,47930.0,54,34550,53,5.0,6.0,-212.1638005686261,-1453.0346465456428,1118.4786934448007,1162.7841512089328,22769.0,54.0,0.09259259259259259,0.1111111111111111
308,OGWM_119,PFC_cTBS,compatible,valid,476,35422.0,51998.0,52523.0,67148.0,84,51731,80,3.0,4.0,-1501.5691272292188,-1364.5694314612676,740.8700394889937,931.9354515100111,31726.0,84.0,0.03571428571428571,0.047619047619047616
309,OGWM_119,PFC_cTBS,incompatible,invalid,486,41193.0,60473.0,59574.0,75905.0,81,52171,76,6.0,12.0,-716.0156071056985,-1569.978669999339,971.1838435801093,1800.3035290297578,34712.0,85.0,0.07058823529411765,0.1411764705882353
310,OGWM_119,PFC_cTBS,incompatible,neutral,171,26817.0,42264.0,40779.0,51551.0,52,33767,52,10.0,12.0,-1064.5192280083477,-1729.8067838291686,1824.34671727135,2062.0007748915978,24734.0,54.0,0.18518518518518517,0.2222222222222222
311,OGWM_119,PFC_cTBS,incompatible,valid,124,11486.0,16166.0,16887.0,21264.0,22,14061,22,2.0,4.0,-484.5226956637071,-945.470205517944,295.08269571436387,547.8614426106553,9778.0,24.0,0.08333333333333333,0.16666666666666666
312,OGWM_119,PFC_iTBS,compatible,invalid,176,9863.0,14707.0,18039.0,20600.0,23,16170,23,2.0,2.0,-1110.841329804469,-712.0047696689505,375.2866880633751,375.2217863311996,10737.0,24.0,0.08333333333333333,0.08333333333333333
313,OGWM_119,PFC_iTBS,compatible,neutral,144,26926.0,38915.0,37829.0,49259.0,54,38983,52,1.0,3.0,-1195.8752174880347,-2240.328898149689,436.31583449103346,843.4146707269668,22333.0,54.0,0.018518518518518517,0.05555555555555555
314,OGWM_119,PFC_iTBS,compatible,valid,395,36862.0,52576.0,52212.0,70389.0,85,61281,85,0.0,2.0,-1597.0448673205753,-869.0235141788653,433.6022250381069,925.7030295171664,33527.0,85.0,0.0,0.023529411764705882
315,OGWM_119,PFC_iTBS,incompatible,invalid,612,38700.0,61808.0,62112.0,76294.0,80,56855,78,17.0,25.0,-1150.5508863337095,-325.09979923599803,2402.0891820214056,3103.563667950942,37594.0,84.0,0.20238095238095238,0.2976190476190476
316,OGWM_119,PFC_iTBS,incompatible,neutral,135,27008.0,42393.0,44155.0,52176.0,50,36598,50,4.0,10.0,-771.8465507616236,-1983.1978848091915,737.0584547567448,1342.6139539824592,25168.0,54.0,0.07407407407407407,0.18518518518518517
317,OGWM_119,PFC_iTBS,incompatible,valid,99,9530.0,16924.0,17918.0,21040.0,20,15203,19,8.0,9.0,478.0357709520244,680.4239048581246,1100.3551087750757,1273.2393758070384,11510.0,23.0,0.34782608695652173,0.391304347826087
318,OGWM_119,no_TMS,compatible,invalid,108,12065.0,17853.0,18440.0,21271.0,22,18918,21,1.0,1.0,-229.8679258572649,-391.97024216345426,192.45548982305004,206.58920920863753,9206.0,23.0,0.043478260869565216,0.043478260869565216
319,OGWM_119,no_TMS,compatible,neutral,237,26296.0,41350.0,40364.0,50766.0,51,41853,50,8.0,14.0,-1824.3291661789926,-729.4184260496963,1092.217901955408,2029.705619275646,24470.0,54.0,0.14814814814814814,0.25925925925925924
320,OGWM_119,no_TMS,compatible,valid,464,36618.0,56056.0,54335.0,72130.0,82,68412,82,4.0,11.0,-1820.3351048979375,-1961.944079669508,1139.6074017773894,1810.9140180225686,35512.0,86.0,0.046511627906976744,0.12790697674418605
321,OGWM_119,no_TMS,incompatible,invalid,372,48187.0,70237.0,72902.0,86249.0,80,67617,76,9.0,19.0,-984.4920421237115,-1062.389074165755,1556.3651485267167,2839.747960864541,38062.0,85.0,0.10588235294117647,0.2235294117647059
322,OGWM_119,no_TMS,incompatible,neutral,241,27522.0,43262.0,36327.0,52602.0,48,44990,44,13.0,18.0,1739.6368370392158,487.6351115682094,1905.429655901955,2353.1409534176114,25080.0,54.0,0.24074074074074073,0.3333333333333333
323,OGWM_119,no_TMS,incompatible,valid,96,10544.0,17266.0,13926.0,20166.0,18,14791,18,6.0,7.0,-902.3874446912644,-1613.2310778453439,833.3315681347667,914.4539154227382,9622.0,22.0,0.2727272727272727,0.3181818181818182
