,subject,target,BlockType,TrialType,block,move_init_bound_msecRT,enter_box_msecRT,velocity_drop_msecRT,msecRT,ACC,probemsecRT,probeACC,corrected_movements,corrected_movements_1_4,movement_angle,movement_angle_1_4,movement_angle_difference,movement_angle_difference_1_4
0,OGWM_101,PFC_cTBS,invalid,compatible,4.434782608695652,575.4347826086956,716.2727272727273,796.7272727272727,938.0909090909091,0.9565217391304348,677.4782608695652,1.0,0.08695652173913043,0.08695652173913043,51.392567432982204,35.46966182198279,11.745280270096462,12.593521800379044
1,OGWM_101,PFC_cTBS,invalid,incompatible,4.305882352941176,672.035294117647,850.9058823529411,947.2142857142857,1077.2470588235294,1.0,729.0705882352942,1.0,0.09411764705882353,0.11764705882352941,28.562312193235336,36.98896367588249,13.504783357219953,16.844495782094494
2,OGWM_101,PFC_cTBS,neutral,compatible,5.333333333333333,480.537037037037,639.0370370370371,757.9607843137255,873.8333333333334,1.0,704.9629629629629,1.0,0.0,0.0,25.88885578420996,19.24145227645268,4.60187703074612,6.16226645995606
3,OGWM_101,PFC_cTBS,neutral,incompatible,5.333333333333333,633.7407407407408,776.7924528301887,912.3148148148148,1076.388888888889,0.9814814814814815,716.0370370370371,0.9814814814814815,0.07407407407407407,0.12962962962962962,-11.870141374586272,-15.676936676692398,12.066425331136712,18.361162621706903
4,OGWM_101,PFC_cTBS,valid,compatible,5.352941176470588,492.36470588235295,614.035294117647,727.3764705882353,857.7411764705882,1.0,673.2,1.0,0.011764705882352941,0.023529411764705882,24.273045676734547,13.96531416260794,7.101797279133636,10.0151535133491
5,OGWM_101,PFC_cTBS,valid,incompatible,5.260869565217392,608.5652173913044,861.0869565217391,848.047619047619,1076.2608695652175,1.0,682.5217391304348,0.9565217391304348,0.17391304347826086,0.21739130434782608,-19.94179673264946,2.3063246411517717,23.1059943595277,31.265963507293474
6,OGWM_101,PFC_iTBS,invalid,compatible,4.0,604.25,757.9166666666666,865.1739130434783,1013.5,1.0,818.0,1.0,0.0,0.041666666666666664,71.18397416744406,67.93707004492363,6.69793974409994,11.115417769415748
7,OGWM_101,PFC_iTBS,invalid,incompatible,4.0,648.4047619047619,868.3253012048193,947.2142857142857,1111.0487804878048,0.9761904761904762,725.4166666666666,0.9880952380952381,0.11904761904761904,0.13095238095238096,40.96267639785894,63.43171428053798,14.805855557012633,18.00175499727094
8,OGWM_101,PFC_iTBS,neutral,compatible,4.0,531.2777777777778,689.6296296296297,790.3529411764706,948.2777777777778,1.0,708.8888888888889,1.0,0.0,0.0,63.43379861546855,49.5303246208722,6.2411278261947025,7.738787679581334
9,OGWM_101,PFC_iTBS,neutral,incompatible,4.0,660.6111111111111,845.5370370370371,932.1730769230769,1122.148148148148,1.0,747.0925925925926,0.9629629629629629,0.07407407407407407,0.05555555555555555,87.70040423751847,77.02207452670946,13.05561691314366,11.363264542543119
10,OGWM_101,PFC_iTBS,valid,compatible,6.964705882352941,466.0352941176471,658.9764705882353,762.1807228915662,905.3882352941176,1.0,680.0470588235294,1.0,0.058823529411764705,0.07058823529411765,73.36004112131009,68.91303249483009,9.710715459201925,11.758388655025131
11,OGWM_101,PFC_iTBS,valid,incompatible,7.130434782608695,614.2173913043479,795.0,844.4782608695652,1027.2173913043478,1.0,637.2608695652174,1.0,0.08695652173913043,0.08695652173913043,69.19829859960858,83.61685683386173,12.724770430763922,13.579289776935317
12,OGWM_101,no_TMS,invalid,compatible,5.0,591.25,732.4166666666666,823.8333333333334,996.9166666666666,1.0,771.0,0.9583333333333334,0.0,0.0,87.2617085945101,87.12300787523226,4.111748003323989,4.852774701493655
13,OGWM_101,no_TMS,invalid,incompatible,5.0,622.7142857142857,799.4166666666666,918.1358024691358,1053.7831325301204,0.9880952380952381,782.25,0.9880952380952381,0.05952380952380952,0.09523809523809523,26.0321504285498,18.000772463819914,9.307002093703845,12.38542830165386
14,OGWM_101,no_TMS,neutral,compatible,5.666666666666667,537.1851851851852,679.6037735849056,776.1698113207547,949.433962264151,0.9814814814814815,371066.51851851854,0.9629629629629629,0.05555555555555555,0.05555555555555555,5.291659236257391,0.1860287873073866,10.682694872941203,12.580020765990788
15,OGWM_101,no_TMS,neutral,incompatible,5.666666666666667,619.7037037037037,808.6481481481482,929.8148148148148,1063.3148148148148,1.0,837.0555555555555,1.0,0.018518518518518517,0.09259259259259259,50.61730622735865,46.0202526343912,6.953117095528889,12.729113457024143
16,OGWM_101,no_TMS,valid,compatible,4.325581395348837,509.7325581395349,682.9651162790698,781.453488372093,930.4767441860465,1.0,899.1162790697674,1.0,0.011627906976744186,0.023255813953488372,52.20693600790955,56.86038116183438,8.123531524565099,12.497440498741092
17,OGWM_101,no_TMS,valid,incompatible,4.363636363636363,655.1818181818181,942.7272727272727,947.1818181818181,1185.6363636363637,1.0,854.0454545454545,1.0,0.18181818181818182,0.18181818181818182,70.1625679845925,77.48949482613173,20.386459594373527,22.260257849931264
18,OGWM_103,PFC_cTBS,invalid,compatible,5.0,561.1666666666666,846.125,893.1904761904761,1014.6666666666666,1.0,417384.7083333333,0.9583333333333334,0.08333333333333333,0.20833333333333334,70.43655163755224,59.382480530577595,15.42523418946925,25.247466268306066
19,OGWM_103,PFC_cTBS,invalid,incompatible,5.0,581.8571428571429,908.3095238095239,953.7323943661971,1098.642857142857,1.0,119832.52380952382,0.9404761904761905,0.10714285714285714,0.2619047619047619,-2.2158810573725827,7.270713763218052,15.955014304697881,29.227826720144847
20,OGWM_103,PFC_cTBS,neutral,compatible,5.0,533.3518518518518,762.1111111111111,859.125,976.7962962962963,1.0,724.2222222222222,0.9814814814814815,0.07407407407407407,0.1111111111111111,40.95080920843247,40.28584911158576,11.851487736269245,15.079207276429335
21,OGWM_103,PFC_cTBS,neutral,incompatible,5.0,557.7407407407408,828.1296296296297,878.0425531914893,1013.7735849056604,0.9814814814814815,185884.16666666666,0.9629629629629629,0.14814814814814814,0.18518518518518517,45.53416593194048,47.914686220382336,22.931643364951476,26.40767538446493
22,OGWM_103,PFC_cTBS,valid,compatible,5.047058823529412,507.4,742.6,823.1142857142858,923.5952380952381,0.9882352941176471,773.9882352941177,1.0,0.03529411764705882,0.09411764705882353,50.15955241168201,28.573069651665225,8.59692131246594,12.47799162402324
23,OGWM_103,PFC_cTBS,valid,incompatible,4.826086956521739,560.1304347826087,854.5652173913044,921.1,1093.9130434782608,1.0,732.5652173913044,1.0,0.21739130434782608,0.2608695652173913,48.657958381282654,-3.5360622908325494,28.49330096785426,33.301937942698615
24,OGWM_103,PFC_iTBS,invalid,compatible,5.333333333333333,473.1666666666667,732.9166666666666,799.9,924.0833333333334,1.0,709.4166666666666,1.0,0.041666666666666664,0.125,47.9284319776006,24.99918239423545,9.913858370496074,17.53084967183968
25,OGWM_103,PFC_iTBS,invalid,incompatible,5.333333333333333,511.25,805.7439024390244,884.7926829268292,1031.3690476190477,0.9761904761904762,119754.54761904762,0.9642857142857143,0.21428571428571427,0.32142857142857145,34.51232124439122,13.527101043044294,26.32659891226033,38.75176692424084
26,OGWM_103,PFC_iTBS,neutral,compatible,3.0,505.01851851851853,754.2222222222222,846.6730769230769,977.7924528301887,0.9814814814814815,730.0925925925926,0.9814814814814815,0.09259259259259259,0.16666666666666666,34.207131825726705,30.404210448613526,12.072263986919518,19.32301475346928
27,OGWM_103,PFC_iTBS,neutral,incompatible,3.0,535.2962962962963,800.4444444444445,865.7115384615385,1014.1851851851852,1.0,682.9814814814815,1.0,0.14814814814814814,0.25925925925925924,79.70713618906841,59.594874901970755,19.444210694152016,31.262806514369238
28,OGWM_103,PFC_iTBS,valid,compatible,6.666666666666667,470.1190476190476,730.9518072289156,808.171052631579,940.6666666666666,0.9880952380952381,698.2380952380952,0.9761904761904762,0.10714285714285714,0.21428571428571427,56.10680337878792,39.36321002404944,16.471333739897755,24.646955796081762
29,OGWM_103,PFC_iTBS,valid,incompatible,6.666666666666667,475.1666666666667,826.4166666666666,856.2380952380952,1016.75,1.0,737.125,1.0,0.25,0.2916666666666667,35.97475719389275,39.45723263570125,33.410857276452,43.028726493978525
30,OGWM_103,no_TMS,invalid,compatible,3.0434782608695654,457.2173913043478,717.0434782608696,794.45,926.0434782608696,1.0,667.6521739130435,1.0,0.08695652173913043,0.21739130434782608,-30.64050762223219,-36.37668654544463,14.584055655042032,28.953660907958465
31,OGWM_103,no_TMS,invalid,incompatible,2.988235294117647,535.3529411764706,757.3529411764706,831.8947368421053,954.8352941176471,1.0,721.4941176470588,0.9764705882352941,0.058823529411764705,0.12941176470588237,19.91917647588583,15.290286248056782,12.394066481088155,18.505792994532847
32,OGWM_103,no_TMS,neutral,compatible,5.333333333333333,478.4074074074074,659.8148148148148,749.6666666666666,831.1481481481482,1.0,679.4629629629629,0.9814814814814815,0.0,0.05555555555555555,39.27891091264656,24.97633087098002,4.5466921944642325,9.155403559971834
33,OGWM_103,no_TMS,neutral,incompatible,5.333333333333333,509.27777777777777,786.1296296296297,873.9333333333333,960.1481481481482,1.0,675.6666666666666,0.9444444444444444,0.12962962962962962,0.16666666666666666,34.161333109510075,24.317423098004046,18.000219260961895,25.249910248875395
34,OGWM_103,no_TMS,valid,compatible,6.6395348837209305,462.6744186046512,674.3023255813954,776.0649350649351,852.4651162790698,1.0,116956.29069767441,0.9883720930232558,0.05813953488372093,0.08139534883720931,49.05180604268853,20.603058244695582,12.36070206295306,15.336544124559094
35,OGWM_103,no_TMS,valid,incompatible,6.7727272727272725,481.54545454545456,698.8095238095239,777.2,889.6818181818181,0.9545454545454546,682.9090909090909,1.0,0.13636363636363635,0.13636363636363635,98.743555937278,96.27006921015219,15.70038239395102,18.36530964698883
36,OGWM_104,PFC_cTBS,invalid,compatible,4.666666666666667,634.8095238095239,757.3,923.9411764705883,945.3,0.9523809523809523,659.0952380952381,1.0,0.047619047619047616,0.047619047619047616,88.45505149937395,88.50347839901721,6.474020175036799,7.086375482112011
37,OGWM_104,PFC_cTBS,invalid,incompatible,4.666666666666667,801.0229885057471,1064.7011494252874,1148.605633802817,1230.952380952381,0.9655172413793104,610.7011494252873,0.9540229885057471,0.08045977011494253,0.13793103448275862,26.871508250527235,9.516682662023483,13.421631967063464,18.59972577091879
38,OGWM_104,PFC_cTBS,neutral,compatible,5.333333333333333,535.2962962962963,742.1481481481482,878.4888888888889,947.7777777777778,1.0,185790.22222222222,0.9629629629629629,0.018518518518518517,0.037037037037037035,49.817076855541956,68.92997366756194,6.457704881414337,8.036542894625322
39,OGWM_104,PFC_cTBS,neutral,incompatible,5.333333333333333,762.8148148148148,1051.8076923076924,1172.0222222222221,1240.6078431372548,0.9444444444444444,588.3703703703703,0.9259259259259259,0.14814814814814814,0.24074074074074073,20.73189794633532,18.489410987319506,20.99392295560348,29.15753395682632
40,OGWM_104,PFC_cTBS,valid,compatible,5.0,528.7831325301205,684.7349397590361,814.7538461538461,877.1927710843373,0.9880952380952381,801.8214285714286,0.9404761904761905,0.011904761904761904,0.011904761904761904,23.897010652949717,45.07004527640779,4.8764582827915115,6.132374891178239
41,OGWM_104,PFC_cTBS,valid,incompatible,5.0,678.9166666666666,1028.5833333333333,1099.0,1200.8695652173913,0.9583333333333334,417283.0416666667,0.9583333333333334,0.20833333333333334,0.3333333333333333,6.460737458571223,2.089376364959314,29.676949293047475,40.94880879577303
42,OGWM_104,PFC_iTBS,invalid,compatible,7.333333333333333,566.0,729.5833333333334,806.75,975.6666666666666,1.0,613.4583333333334,1.0,0.0,0.0,28.916727348330117,14.47340220581213,2.6456480010438526,2.976131237176793
43,OGWM_104,PFC_iTBS,invalid,incompatible,7.333333333333333,738.7349397590361,965.425,1050.0684931506848,1184.641975308642,0.9404761904761905,546.0952380952381,0.9880952380952381,0.11904761904761904,0.15476190476190477,26.18100238258324,49.55101197671088,16.182150269165636,20.82164921531334
44,OGWM_104,PFC_iTBS,neutral,compatible,2.6666666666666665,558.6851851851852,736.1666666666666,857.1136363636364,952.6481481481482,1.0,664.2962962962963,1.0,0.0,0.0,39.81172161402657,53.65076705626097,2.554825537071864,3.325283028325514
45,OGWM_104,PFC_iTBS,neutral,incompatible,2.6666666666666665,710.5555555555555,998.7735849056604,1056.9791666666667,1200.377358490566,0.9629629629629629,614.1851851851852,0.9814814814814815,0.14814814814814814,0.2037037037037037,8.520240077374808,22.086869835691118,21.556399281946742,28.483019486044622
46,OGWM_104,PFC_iTBS,valid,compatible,4.976470588235294,506.3411764705882,690.435294117647,791.986301369863,909.9882352941177,1.0,594.6941176470589,0.9882352941176471,0.0,0.03529411764705882,19.86840049190678,24.992313148980294,4.5803394475686,7.964445151915063
47,OGWM_104,PFC_iTBS,valid,incompatible,5.086956521739131,609.2608695652174,912.6190476190476,909.6,1121.8260869565217,0.9130434782608695,505.7826086956522,1.0,0.2608695652173913,0.2608695652173913,44.42521698481037,44.14259792848938,34.05287868694973,33.91842505902592
48,OGWM_104,no_TMS,invalid,compatible,4.0,619.25,853.5,959.7619047619048,1082.0,1.0,590.1666666666666,1.0,0.0,0.0,29.91060922001087,45.29288157443397,3.092456566106982,5.639578556775615
49,OGWM_104,no_TMS,invalid,incompatible,4.0,799.8928571428571,1043.7777777777778,1144.16,1276.6543209876543,0.9642857142857143,572.9047619047619,0.9761904761904762,0.047619047619047616,0.09523809523809523,29.50988849442431,5.138104878517476,9.219981233325703,14.811533349846778
50,OGWM_104,no_TMS,neutral,compatible,5.333333333333333,615.2592592592592,820.622641509434,948.5555555555555,1004.7307692307693,0.9629629629629629,185772.92592592593,0.6481481481481481,0.037037037037037035,0.05555555555555555,-45.6054458906971,-54.98757333160057,10.57754436683862,14.75748678632752
51,OGWM_104,no_TMS,neutral,incompatible,5.333333333333333,742.2037037037037,1015.0377358490566,1094.188679245283,1190.8076923076924,0.9444444444444444,653.2222222222222,0.6296296296296297,0.05555555555555555,0.1111111111111111,-12.904218372391423,8.508217418141145,10.034422573755856,15.028046346490388
52,OGWM_104,no_TMS,valid,compatible,5.623529411764705,510.3764705882353,670.1071428571429,809.5061728395061,903.0595238095239,0.9882352941176471,658.2117647058824,0.9882352941176471,0.011764705882352941,0.011764705882352941,-11.710503968631263,1.1422040046666355,4.641086463995771,5.51330574550041
53,OGWM_104,no_TMS,valid,incompatible,5.826086956521739,685.0,1048.7391304347825,1161.6,1279.391304347826,1.0,595.8260869565217,0.9565217391304348,0.17391304347826086,0.2608695652173913,39.086283632097896,38.1258574164288,26.852964948811,35.8062956194533
54,OGWM_105,PFC_cTBS,invalid,compatible,7.0,496.75,634.3333333333334,778.9166666666666,861.8333333333334,1.0,455.5416666666667,1.0,0.0,0.041666666666666664,12.58008062132412,-3.375728545912242,4.292176232597946,8.346508597506975
55,OGWM_105,PFC_cTBS,invalid,incompatible,7.0,499.9047619047619,694.6666666666666,798.3571428571429,908.8214285714286,1.0,119522.66666666667,0.9761904761904762,0.09523809523809523,0.17857142857142858,16.227561421675663,21.37205739953827,13.891074791075182,19.409214463040275
56,OGWM_105,PFC_cTBS,neutral,compatible,2.0,478.64814814814815,616.1851851851852,722.6111111111111,833.1296296296297,1.0,452.9259259259259,1.0,0.018518518518518517,0.037037037037037035,-14.696011688472023,-2.0729897103203125,5.04463680533665,6.613149784502398
57,OGWM_105,PFC_cTBS,neutral,incompatible,2.0,505.05555555555554,703.574074074074,798.6666666666666,913.5555555555555,1.0,464.98148148148147,1.0,0.1111111111111111,0.14814814814814814,-10.463480457552135,5.816427305744334,15.867868900725377,21.62752458729601
58,OGWM_105,PFC_cTBS,valid,compatible,6.0,483.1666666666667,608.6904761904761,721.8809523809524,819.4761904761905,1.0,478.8452380952381,0.9880952380952381,0.023809523809523808,0.023809523809523808,6.803840189719061,2.171634964137295,4.547177750944799,5.804172460305994
59,OGWM_105,PFC_cTBS,valid,incompatible,6.0,483.25,701.25,775.125,899.25,1.0,472.2916666666667,1.0,0.16666666666666666,0.16666666666666666,13.892626125739383,0.10809368574453515,17.294003019971147,20.095958433133664
60,OGWM_105,PFC_iTBS,invalid,compatible,4.086956521739131,486.2173913043478,631.5217391304348,752.3913043478261,863.0434782608696,1.0,510.7826086956522,0.9565217391304348,0.043478260869565216,0.043478260869565216,-33.993470589088744,-47.79723528015908,7.682094520711641,9.815387212840731
61,OGWM_105,PFC_iTBS,invalid,incompatible,3.976470588235294,553.9529411764706,762.4941176470588,846.9156626506024,997.8941176470588,1.0,507.8705882352941,0.9882352941176471,0.07058823529411765,0.10588235294117647,45.486480908113656,51.11779219490944,14.189429512024352,17.49819195211228
62,OGWM_105,PFC_iTBS,neutral,compatible,4.666666666666667,474.5925925925926,630.8333333333334,755.2962962962963,876.8148148148148,1.0,459.27777777777777,1.0,0.018518518518518517,0.018518518518518517,18.202414977271797,24.81265330795823,4.512634133026169,5.847150845764729
63,OGWM_105,PFC_iTBS,neutral,incompatible,4.666666666666667,534.2407407407408,714.2962962962963,837.622641509434,942.5,1.0,528.0925925925926,1.0,0.05555555555555555,0.09259259259259259,64.22666052037835,49.68914376223624,11.766724971897636,17.378812327398773
64,OGWM_105,PFC_iTBS,valid,compatible,6.333333333333333,507.1547619047619,636.2409638554217,752.843373493976,860.566265060241,0.9880952380952381,491.67857142857144,0.9761904761904762,0.05952380952380952,0.07142857142857142,-4.174478246841651,-12.847836407436777,10.353839868554713,11.115227972560762
65,OGWM_105,PFC_iTBS,valid,incompatible,6.333333333333333,536.4166666666666,689.3333333333334,780.25,894.8333333333334,1.0,514.6666666666666,1.0,0.08333333333333333,0.125,15.183316866647601,28.72269999962128,10.131987311986455,12.006806926444659
66,OGWM_105,no_TMS,invalid,compatible,5.913043478260869,516.4782608695652,699.695652173913,766.7391304347826,878.8695652173913,1.0,505.7391304347826,0.9565217391304348,0.08695652173913043,0.08695652173913043,37.96196782599075,52.38446316599763,10.256711043503355,11.575672065538162
67,OGWM_105,no_TMS,invalid,incompatible,6.023529411764706,518.7647058823529,668.0,766.6470588235294,878.5882352941177,1.0,483.88235294117646,0.9764705882352941,0.058823529411764705,0.08235294117647059,5.307091013239717,10.131266129237817,8.076169899093431,10.504848424749746
68,OGWM_105,no_TMS,neutral,compatible,3.3333333333333335,476.4074074074074,626.6851851851852,724.0,847.7777777777778,1.0,505.35185185185185,1.0,0.037037037037037035,0.037037037037037035,39.425429651864654,38.65093623639861,6.349337677867005,7.516477268739264
69,OGWM_105,no_TMS,neutral,incompatible,3.3333333333333335,503.35185185185185,682.5185185185185,768.9629629629629,873.2592592592592,1.0,512.3148148148148,0.9814814814814815,0.07407407407407407,0.09259259259259259,72.96218950808849,50.96162932672932,9.202046998076595,12.397911387025006
70,OGWM_105,no_TMS,valid,compatible,5.666666666666667,470.5238095238095,618.0952380952381,710.0361445783133,805.7619047619048,1.0,509.1666666666667,1.0,0.03571428571428571,0.047619047619047616,29.362124540373095,10.36455033525486,6.091730004036693,8.684133598621926
71,OGWM_105,no_TMS,valid,incompatible,5.666666666666667,514.0416666666666,674.4583333333334,784.5416666666666,861.7083333333334,1.0,497.1666666666667,1.0,0.125,0.125,25.934080700451148,39.377557071458035,14.587907322148183,16.712709535771562
72,OGWM_106,PFC_cTBS,invalid,compatible,5.130434782608695,572.3913043478261,943.8695652173913,1038.0,1139.2727272727273,0.9565217391304348,435542.52173913043,0.8260869565217391,0.043478260869565216,0.21739130434782608,-46.005821634924594,-29.97351007015036,10.414103190506887,27.680603116915737
73,OGWM_106,PFC_cTBS,invalid,incompatible,4.964705882352941,639.4588235294118,922.5176470588235,1027.9871794871794,1178.9634146341464,0.9647058823529412,236035.16470588234,0.8941176470588236,0.07058823529411765,0.1411764705882353,-23.202056753376496,-12.782473946117419,15.303032280924791,23.420097401405005
74,OGWM_106,PFC_cTBS,neutral,compatible,4.0,542.3584905660377,767.9615384615385,905.84,1057.4615384615386,0.9629629629629629,790.0185185185185,0.9629629629629629,0.018518518518518517,0.09259259259259259,-15.06615804394706,-1.6512615001936697,11.559574534875052,21.443423322747414
75,OGWM_106,PFC_cTBS,neutral,incompatible,4.0,638.925925925926,880.9807692307693,1012.75,1075.0,0.9259259259259259,185940.2037037037,0.9629629629629629,0.07407407407407407,0.2037037037037037,-15.271560666474713,-21.34957041708161,13.493610181644671,21.61748505631149
76,OGWM_106,PFC_cTBS,valid,compatible,5.976470588235294,628.5411764705882,903.1309523809524,983.1333333333333,1144.6785714285713,0.9764705882352941,353730.4705882353,0.9058823529411765,0.023529411764705882,0.07058823529411765,5.339188133695943,-0.21269318077735874,10.837401146993644,16.679709207917654
77,OGWM_106,PFC_cTBS,valid,incompatible,6.086956521739131,510.9130434782609,772.6521739130435,881.2727272727273,1025.7826086956522,1.0,824.7826086956521,0.9565217391304348,0.13043478260869565,0.21739130434782608,22.167134021947355,3.9632905982686735,23.86150763493792,31.3825902270207
78,OGWM_106,PFC_iTBS,invalid,compatible,7.0,659.1666666666666,908.8333333333334,1032.304347826087,1055.304347826087,0.9583333333333334,635.625,1.0,0.0,0.0,-13.423036771573615,0.9403142082008055,8.195939212532084,8.424093700971634
79,OGWM_106,PFC_iTBS,invalid,incompatible,7.0,675.4285714285714,910.7142857142857,1015.475,1147.6190476190477,1.0,630.6190476190476,0.9761904761904762,0.03571428571428571,0.10714285714285714,-9.615025089967519,-1.2617447395289878,10.506642206704967,17.49107509762236
80,OGWM_106,PFC_iTBS,neutral,compatible,3.3333333333333335,709.7407407407408,971.7777777777778,1063.8076923076924,1161.0,1.0,696.425925925926,0.9629629629629629,0.018518518518518517,0.05555555555555555,30.592727168322963,18.797779996845794,12.32182260713485,17.033879753191325
81,OGWM_106,PFC_iTBS,neutral,incompatible,3.3333333333333335,681.6296296296297,920.5925925925926,1029.9565217391305,1166.537037037037,1.0,661.8333333333334,0.9629629629629629,0.05555555555555555,0.12962962962962962,-42.634904088616615,-43.08489087868566,14.74064195295393,21.609800647102656
82,OGWM_106,PFC_iTBS,valid,compatible,4.666666666666667,758.6547619047619,983.5714285714286,1062.1891891891892,1172.987951807229,0.9880952380952381,583.6309523809524,0.9880952380952381,0.011904761904761904,0.011904761904761904,-30.953185164506337,-13.873151318414592,8.554054589832722,9.638436981581265
83,OGWM_106,PFC_iTBS,valid,incompatible,4.666666666666667,849.0,1076.4166666666667,1224.4761904761904,1290.4166666666667,1.0,580.8333333333334,1.0,0.0,0.08333333333333333,-43.88090066268151,-59.19204213807888,8.029363887109383,13.317248633660641
84,OGWM_106,no_TMS,invalid,compatible,6.217391304347826,458.39130434782606,747.695652173913,858.578947368421,945.3913043478261,1.0,733.9565217391304,0.9565217391304348,0.0,0.043478260869565216,81.79275137752728,69.21614032223025,9.38478551583889,21.935988606320457
85,OGWM_106,no_TMS,invalid,incompatible,6.364705882352941,583.0470588235294,852.8117647058823,950.4303797468355,1058.964705882353,1.0,118352.18823529412,0.9529411764705882,0.08235294117647059,0.1411764705882353,32.799894628432945,28.287469526121257,13.163632816021115,19.66252288108617
86,OGWM_106,no_TMS,neutral,compatible,4.0,518.1666666666666,712.1320754716982,845.8444444444444,928.6792452830189,0.9814814814814815,687.2407407407408,0.9629629629629629,0.0,0.018518518518518517,-32.316286904179094,-44.954308156286324,5.742224647749668,8.356498332071745
87,OGWM_106,no_TMS,neutral,incompatible,4.0,542.925925925926,789.7037037037037,917.734693877551,1032.1851851851852,1.0,724.2962962962963,0.8518518518518519,0.037037037037037035,0.1111111111111111,-5.649716968808237,15.8167999839901,10.830414026592216,16.89342257843632
88,OGWM_106,no_TMS,valid,compatible,4.666666666666667,512.047619047619,760.1666666666666,853.7313432835821,951.6428571428571,1.0,719.3690476190476,1.0,0.023809523809523808,0.03571428571428571,2.663578259859274,-13.140928797518095,8.249022239381262,10.831342529113552
89,OGWM_106,no_TMS,valid,incompatible,4.666666666666667,459.9583333333333,766.4583333333334,823.8181818181819,971.2916666666666,1.0,772.9166666666666,1.0,0.125,0.2916666666666667,-22.08109303266033,-7.189355321146459,20.142444819127935,42.6593171622975
90,OGWM_107,PFC_cTBS,invalid,compatible,6.666666666666667,544.9166666666666,928.4166666666666,947.5833333333334,1176.4583333333333,1.0,417323.4166666667,0.9583333333333334,0.25,0.20833333333333334,-54.705729448296815,-56.815994828808776,30.538478408774974,29.48798240354522
91,OGWM_107,PFC_cTBS,invalid,incompatible,6.666666666666667,517.4047619047619,965.4047619047619,989.075,1189.439024390244,0.9761904761904762,119802.52380952382,0.9166666666666666,0.34523809523809523,0.4166666666666667,-11.337026322345578,-29.261112676042007,45.03339137217206,53.1113559232309
92,OGWM_107,PFC_cTBS,neutral,compatible,2.0,544.0370370370371,785.7777777777778,911.5769230769231,1031.1851851851852,1.0,185879.0185185185,0.9814814814814815,0.09259259259259259,0.09259259259259259,21.289490062312602,26.513679588860427,20.27229136505373,22.306217146924546
93,OGWM_107,PFC_cTBS,neutral,incompatible,2.0,546.9074074074074,857.2777777777778,927.7647058823529,1089.4716981132076,0.9814814814814815,795.9074074074074,1.0,0.09259259259259259,0.16666666666666666,-13.941618444941021,-16.163959464648002,18.87982766154848,28.291367988285874
94,OGWM_107,PFC_cTBS,valid,compatible,6.333333333333333,461.8809523809524,752.547619047619,839.3291139240506,990.2857142857143,1.0,476877.88095238095,0.9404761904761905,0.11904761904761904,0.17857142857142858,-32.96657920950978,-6.24483132954437,16.184862602904484,22.879184298793646
95,OGWM_107,PFC_cTBS,valid,incompatible,6.333333333333333,463.8333333333333,798.5652173913044,815.9166666666666,1059.75,0.9583333333333334,770.7916666666666,1.0,0.20833333333333334,0.25,-28.358427525118156,-28.819325837616393,25.65387801643675,30.010078945619565
96,OGWM_107,PFC_iTBS,invalid,compatible,5.0,526.3333333333334,754.6666666666666,884.9090909090909,1023.8333333333334,1.0,828.7916666666666,1.0,0.041666666666666664,0.041666666666666664,-34.332064547119806,-20.514344958350843,11.095241433345235,13.422413466609115
97,OGWM_107,PFC_iTBS,invalid,incompatible,5.0,571.3690476190476,931.710843373494,1002.5487804878048,1201.4096385542168,0.9761904761904762,868.2738095238095,0.9880952380952381,0.20238095238095238,0.2619047619047619,17.073328678896207,20.453426551988247,25.501564773494962,36.09472139094566
98,OGWM_107,PFC_iTBS,neutral,compatible,4.666666666666667,513.1666666666666,794.3518518518518,884.6730769230769,1040.188679245283,0.9814814814814815,185961.0185185185,0.9074074074074074,0.037037037037037035,0.09259259259259259,3.0692653076729006,21.006853686706293,11.504161581101444,19.675314326122205
99,OGWM_107,PFC_iTBS,neutral,incompatible,4.666666666666667,531.9629629629629,922.7407407407408,977.7547169811321,1167.7735849056603,0.9814814814814815,771.7037037037037,0.9814814814814815,0.2222222222222222,0.3148148148148148,-19.851081742813207,-23.0708182971043,34.05711875843091,48.23145235542397
100,OGWM_107,PFC_iTBS,valid,compatible,5.376470588235295,503.2823529411765,798.0235294117647,883.7407407407408,1031.2941176470588,1.0,810.1411764705882,0.9411764705882353,0.08235294117647059,0.09411764705882353,13.847745317432143,10.233161911009013,13.932855265491614,16.95576620477985
101,OGWM_107,PFC_iTBS,valid,incompatible,5.173913043478261,508.04347826086956,878.9130434782609,911.7368421052631,1137.0869565217392,1.0,435462.8695652174,0.9565217391304348,0.2608695652173913,0.43478260869565216,49.07089749507206,57.55012045491408,40.65915421594245,52.455197027624834
102,OGWM_107,no_TMS,invalid,compatible,4.454545454545454,502.90909090909093,680.1818181818181,815.421052631579,1005.7272727272727,1.0,652.5454545454545,1.0,0.045454545454545456,0.045454545454545456,-27.20771830287822,-59.255099261352186,8.045683883999965,10.64561552886302
103,OGWM_107,no_TMS,invalid,incompatible,4.3023255813953485,536.5930232558139,814.4880952380952,884.169014084507,1025.8690476190477,0.9767441860465116,233172.5,0.9534883720930233,0.1511627906976744,0.18604651162790697,11.637762097087581,28.08541127574191,22.735689280242728,27.76143309360708
104,OGWM_107,no_TMS,neutral,compatible,5.333333333333333,545.9814814814815,829.4716981132076,921.9782608695652,1053.7407407407406,0.9814814814814815,707.1481481481482,0.9074074074074074,0.14814814814814814,0.18518518518518517,-35.45909757599794,-32.147018322014354,21.47083509921364,26.565859343251667
105,OGWM_107,no_TMS,neutral,incompatible,5.333333333333333,553.8518518518518,930.074074074074,951.0196078431372,1145.3461538461538,0.9629629629629629,185802.6851851852,0.9259259259259259,0.24074074074074073,0.2777777777777778,-6.653591877338198,-5.9448483021047895,32.089753061393566,37.40100664181916
106,OGWM_107,no_TMS,valid,compatible,5.305882352941176,480.90588235294115,737.2352941176471,834.25,968.564705882353,1.0,235898.37647058823,0.9764705882352941,0.058823529411764705,0.09411764705882353,-9.359325713252645,-3.5821519839340294,12.413142621893964,16.710992359796577
107,OGWM_107,no_TMS,valid,incompatible,5.434782608695652,535.3913043478261,846.5217391304348,974.2105263157895,1105.909090909091,0.9565217391304348,682.8260869565217,0.9565217391304348,0.21739130434782608,0.2608695652173913,-40.60595728731741,-40.32240718120299,29.820047744700172,30.67948881664607
108,OGWM_108,PFC_cTBS,invalid,compatible,6.130434782608695,488.5652173913044,684.0,823.4347826086956,866.5454545454545,0.9565217391304348,717.1304347826087,1.0,0.043478260869565216,0.043478260869565216,35.26436648306235,48.1492755735471,9.239810198678093,11.031086190124176
109,OGWM_108,PFC_cTBS,invalid,incompatible,5.964705882352941,515.7529411764706,694.6705882352941,791.7088607594936,932.6117647058824,1.0,701.1647058823529,0.9764705882352941,0.03529411764705882,0.07058823529411765,-12.136274350568756,-23.962389836642277,11.8388492378097,17.539789427098203
110,OGWM_108,PFC_cTBS,neutral,compatible,4.0,493.85185185185185,673.0370370370371,762.2244897959183,904.1111111111111,1.0,716.0185185185185,0.9814814814814815,0.0,0.018518518518518517,12.802436265803522,31.90520583769377,4.6797730960903,7.413029248484301
111,OGWM_108,PFC_cTBS,neutral,incompatible,4.0,506.0740740740741,721.3333333333334,821.4615384615385,956.5185185185185,1.0,688.4814814814815,1.0,0.1111111111111111,0.14814814814814814,7.22878553998296,3.3751180659087896,17.50685393165887,22.12993451137002
112,OGWM_108,PFC_cTBS,valid,compatible,5.047058823529412,454.2470588235294,642.5952380952381,747.2051282051282,876.3095238095239,0.9882352941176471,690.0705882352942,0.9764705882352941,0.023529411764705882,0.023529411764705882,33.9038344881532,41.05204996039445,8.571644556569796,10.637402301126665
113,OGWM_108,PFC_cTBS,valid,incompatible,4.826086956521739,499.4347826086956,719.4347826086956,854.8095238095239,946.3478260869565,1.0,689.4347826086956,1.0,0.08695652173913043,0.17391304347826086,39.51530255214093,51.49338772482691,12.30462794660892,23.250040966886115
114,OGWM_108,PFC_iTBS,invalid,compatible,7.0,693.25,769.2916666666666,1060.0,794.6666666666666,1.0,776.5833333333334,1.0,0.0,0.0,-14.303060525630643,-14.210432886196367,3.808522309042427,4.129886040965719
115,OGWM_108,PFC_iTBS,invalid,incompatible,7.0,804.452380952381,876.7682926829268,1174.4285714285713,895.6626506024096,0.9761904761904762,119858.61904761905,0.9880952380952381,0.023809523809523808,0.03571428571428571,21.32734655142295,40.144465910212105,7.572805950525955,10.220107725760057
116,OGWM_108,PFC_iTBS,neutral,compatible,2.0,727.2777777777778,799.1320754716982,1545.0,804.4074074074074,0.9814814814814815,748.7222222222222,1.0,0.018518518518518517,0.018518518518518517,36.32355482421928,69.21285958771529,6.708843431509096,6.994027838928207
117,OGWM_108,PFC_iTBS,neutral,incompatible,2.0,763.4444444444445,851.7924528301887,1787.0,859.4629629629629,0.9814814814814815,814.1296296296297,0.9814814814814815,0.018518518518518517,0.018518518518518517,30.105551753689262,36.38990362923493,6.981278865274015,8.024162377773798
118,OGWM_108,PFC_iTBS,valid,compatible,6.011627906976744,706.546511627907,782.1046511627907,1209.6666666666667,790.8139534883721,1.0,117018.23255813954,0.9534883720930233,0.0,0.0,20.043969141182576,28.133989260111125,3.8823681138386745,4.70504433006672
119,OGWM_108,PFC_iTBS,valid,incompatible,5.954545454545454,710.0,891.6818181818181,1175.0,868.7619047619048,0.9545454545454546,776.3181818181819,1.0,0.045454545454545456,0.045454545454545456,91.02771792859568,90.77419305072577,8.484956278399528,9.10659352582587
120,OGWM_108,no_TMS,invalid,compatible,6.3478260869565215,472.1304347826087,647.8695652173913,746.5652173913044,865.3913043478261,1.0,435435.9130434783,0.9565217391304348,0.0,0.043478260869565216,38.281137889582645,9.590057667274166,4.8106955071927,8.221171977961305
121,OGWM_108,no_TMS,invalid,incompatible,6.329411764705882,549.7529411764706,753.3529411764706,881.964705882353,996.9294117647058,1.0,778.6941176470589,1.0,0.023529411764705882,0.10588235294117647,24.067537574615077,20.455492544946672,9.146879894999318,17.61513971601577
122,OGWM_108,no_TMS,neutral,compatible,4.666666666666667,552.3148148148148,730.074074074074,848.2820512820513,867.7924528301887,0.9814814814814815,185983.6851851852,0.9814814814814815,0.0,0.0,45.66394368822329,71.9540507436493,4.128763067152229,5.87734827239728
123,OGWM_108,no_TMS,neutral,incompatible,4.666666666666667,572.5370370370371,750.8846153846154,818.2564102564103,922.9444444444445,0.9629629629629629,185991.4814814815,0.9629629629629629,0.09259259259259259,0.1111111111111111,20.559857520742206,37.163508752552474,14.990004608316568,19.817275937530017
124,OGWM_108,no_TMS,valid,compatible,4.011627906976744,480.9767441860465,654.7325581395348,752.9487179487179,876.5813953488372,1.0,765.3604651162791,0.9883720930232558,0.0,0.0,0.2460336282128404,8.075028817518364,4.027128828943987,5.596265397884045
125,OGWM_108,no_TMS,valid,incompatible,3.9545454545454546,552.1363636363636,725.5,826.3809523809524,988.8636363636364,1.0,455265.45454545453,0.9545454545454546,0.09090909090909091,0.13636363636363635,-11.19331113194673,-22.00601728083891,16.31114732829118,22.81298291331574
126,OGWM_109,PFC_cTBS,invalid,compatible,7.333333333333333,503.5,718.2173913043479,781.3,960.1666666666666,0.9583333333333334,873.7083333333334,0.9583333333333334,0.041666666666666664,0.08333333333333333,-67.44727111274534,-57.99802607437427,10.379728318218373,14.2241278230741
127,OGWM_109,PFC_cTBS,invalid,incompatible,7.333333333333333,521.547619047619,731.0238095238095,807.5679012345679,973.2142857142857,1.0,822.1904761904761,0.9761904761904762,0.10714285714285714,0.14285714285714285,-13.663321101802042,-3.299536948197173,14.963520797085819,19.995528832297484
128,OGWM_109,PFC_cTBS,neutral,compatible,4.333333333333333,442.1296296296296,607.4444444444445,722.4705882352941,806.3518518518518,1.0,185926.59259259258,0.9814814814814815,0.018518518518518517,0.07407407407407407,-48.55372558677881,-26.33428098460865,8.589010973981662,13.165438528070949
129,OGWM_109,PFC_cTBS,neutral,incompatible,4.333333333333333,555.7407407407408,726.8888888888889,840.0196078431372,947.8333333333334,1.0,896.4814814814815,1.0,0.018518518518518517,0.05555555555555555,-45.6917700881312,-25.373535549845926,6.221566540119288,10.669701174811042
130,OGWM_109,PFC_cTBS,valid,compatible,3.3333333333333335,439.1309523809524,589.3333333333334,711.5853658536586,842.0833333333334,1.0,238896.77380952382,0.9761904761904762,0.023809523809523808,0.023809523809523808,-27.018948701182488,-47.67286284504489,8.140867494493978,10.319573832527066
131,OGWM_109,PFC_cTBS,valid,incompatible,3.3333333333333335,521.5833333333334,769.4166666666666,769.1818181818181,978.8333333333334,1.0,785.5,1.0,0.25,0.2916666666666667,-37.16923104103845,3.85520145618008,33.41883248036785,37.43904952648401
132,OGWM_109,PFC_iTBS,invalid,compatible,4.909090909090909,524.7272727272727,685.0,787.3888888888889,861.7272727272727,1.0,455485.3181818182,0.9545454545454546,0.09090909090909091,0.09090909090909091,-90.75135376703916,-89.98162245975884,15.818443691756805,17.27067868263168
133,OGWM_109,PFC_iTBS,invalid,incompatible,5.023255813953488,550.0,730.6235294117647,810.7283950617284,928.7093023255813,0.9883720930232558,233484.13953488372,0.9767441860465116,0.05813953488372093,0.10465116279069768,-59.11025867213616,-55.375042810192554,11.955004630085151,17.383329664257577
134,OGWM_109,PFC_iTBS,neutral,compatible,4.0,434.1111111111111,585.1481481481482,669.2244897959183,805.1666666666666,1.0,371274.31481481483,0.9259259259259259,0.0,0.037037037037037035,-76.42702371602287,-71.68866988648296,5.826126924986703,8.211110641607709
135,OGWM_109,PFC_iTBS,neutral,incompatible,4.0,516.2222222222222,689.3333333333334,800.2692307692307,900.0370370370371,1.0,371333.4259259259,0.9444444444444444,0.05555555555555555,0.09259259259259259,-15.545476415727817,-20.972736950453076,12.505820099830741,16.552847313923138
136,OGWM_109,PFC_iTBS,valid,compatible,6.0,463.72093023255815,626.9767441860465,712.15,824.564705882353,0.9883720930232558,117184.24418604652,0.9883720930232558,0.023255813953488372,0.023255813953488372,-24.99741724039138,-7.670358073567659,6.668600327825406,7.925026268005022
137,OGWM_109,PFC_iTBS,valid,incompatible,6.0,507.8636363636364,743.1363636363636,766.4090909090909,936.7727272727273,1.0,1049.7272727272727,1.0,0.13636363636363635,0.18181818181818182,-42.007308869399,3.085773033458243,22.658662028130042,27.27855005023898
138,OGWM_109,no_TMS,invalid,compatible,7.045454545454546,588.9090909090909,837.1818181818181,946.2727272727273,1068.2380952380952,0.9545454545454546,455195.7272727273,0.9545454545454546,0.045454545454545456,0.045454545454545456,-0.881323492419368,-14.915602034350814,12.12489999695593,14.484333934923576
139,OGWM_109,no_TMS,invalid,incompatible,6.988372093023256,638.4767441860465,874.7558139534884,946.3703703703703,1100.5119047619048,0.9767441860465116,117145.24418604652,0.9651162790697675,0.11627906976744186,0.13953488372093023,0.9579157877064471,-2.156916553470732,15.97311184790405,21.354783160661555
140,OGWM_109,no_TMS,neutral,compatible,4.333333333333333,555.2777777777778,724.9629629629629,840.5283018867924,984.2222222222222,1.0,783.3888888888889,0.9814814814814815,0.037037037037037035,0.037037037037037035,-26.568584782365377,1.741083284166926,7.924824270236631,11.25516160939109
141,OGWM_109,no_TMS,neutral,incompatible,4.333333333333333,572.2962962962963,782.7924528301887,878.7735849056604,1061.7222222222222,0.9814814814814815,794.7962962962963,1.0,0.1111111111111111,0.12962962962962962,-7.176934504642742,13.729066836325547,19.520318329801878,22.43650134231469
142,OGWM_109,no_TMS,valid,compatible,3.6941176470588237,502.47058823529414,683.6,789.0481927710844,923.9176470588235,1.0,736.5176470588235,1.0,0.03529411764705882,0.047058823529411764,-21.143622113635395,-34.052363754862895,10.474552502286524,12.670021157103594
143,OGWM_109,no_TMS,valid,incompatible,3.5652173913043477,529.3478260869565,785.6086956521739,854.0,1032.8695652173913,1.0,872.5217391304348,0.9565217391304348,0.21739130434782608,0.2608695652173913,-39.949092225701534,-46.96923844281153,31.880784263284706,38.8463431656073
144,OGWM_110,PFC_cTBS,invalid,compatible,4.333333333333333,513.4166666666666,626.1666666666666,742.5,848.5833333333334,1.0,417153.6666666667,0.9583333333333334,0.0,0.0,-0.4736524260210153,-1.323682617374813,4.266033533851286,4.730847862463418
145,OGWM_110,PFC_cTBS,invalid,incompatible,4.333333333333333,560.4642857142857,738.2168674698795,813.7285714285714,905.1071428571429,0.9880952380952381,580.9404761904761,1.0,0.07142857142857142,0.09523809523809523,26.181391556495782,45.71479733543312,10.27881029197809,14.958677247871988
146,OGWM_110,PFC_cTBS,neutral,compatible,3.3333333333333335,470.1296296296296,623.6851851851852,716.4444444444445,804.9074074074074,1.0,539.0925925925926,0.9814814814814815,0.018518518518518517,0.018518518518518517,29.793452085502025,22.814731678300518,5.81974215762326,6.563190907535231
147,OGWM_110,PFC_cTBS,neutral,incompatible,3.3333333333333335,569.5185185185185,757.7169811320755,816.5217391304348,951.5,0.9814814814814815,608.6851851851852,1.0,0.1111111111111111,0.12962962962962962,29.73634636291763,46.08831028016572,16.833131796253454,20.084523593311367
148,OGWM_110,PFC_cTBS,valid,compatible,7.333333333333333,434.9761904761905,564.9761904761905,667.4776119402985,782.5238095238095,1.0,562.5238095238095,0.9880952380952381,0.023809523809523808,0.023809523809523808,9.995145710281639,-6.95547691688665,5.481221477090389,6.516171993704179
149,OGWM_110,PFC_cTBS,valid,incompatible,7.333333333333333,537.6666666666666,702.6666666666666,757.6,883.5833333333334,1.0,564.125,1.0,0.125,0.16666666666666666,-3.647975724376772,1.6826985948043915,23.366972672469615,29.605211443055726
150,OGWM_110,PFC_iTBS,invalid,compatible,6.333333333333333,468.0833333333333,610.0,682.1,791.3333333333334,1.0,611.1666666666666,1.0,0.041666666666666664,0.041666666666666664,18.78223495502094,3.638277970583619,6.263916736892871,6.449136835830406
151,OGWM_110,PFC_iTBS,invalid,incompatible,6.333333333333333,550.6904761904761,724.3571428571429,801.9565217391304,911.452380952381,1.0,577.547619047619,0.9880952380952381,0.03571428571428571,0.05952380952380952,-40.87791772598245,-44.565838239976586,7.5982145615875565,10.371489924014725
152,OGWM_110,PFC_iTBS,neutral,compatible,5.0,418.01851851851853,559.4444444444445,651.2558139534884,743.7407407407408,1.0,185760.35185185185,0.9814814814814815,0.0,0.0,25.16637121835338,31.46168292367467,4.289450714172864,5.289487135048556
153,OGWM_110,PFC_iTBS,neutral,incompatible,5.0,545.2777777777778,744.3962264150944,819.8666666666667,928.9622641509434,0.9629629629629629,648.2777777777778,0.9444444444444444,0.07407407407407407,0.12962962962962962,6.329342299217592,8.593027598802783,10.679892999341602,16.46536501444336
154,OGWM_110,PFC_iTBS,valid,compatible,3.6666666666666665,418.1190476190476,559.952380952381,649.5263157894736,751.5952380952381,1.0,575.7738095238095,0.9880952380952381,0.011904761904761904,0.011904761904761904,15.757724893695814,36.94320648926269,4.733959566432097,5.1497695500938265
155,OGWM_110,PFC_iTBS,valid,incompatible,3.6666666666666665,542.5833333333334,789.0869565217391,727.8888888888889,944.0,0.9166666666666666,651.3333333333334,1.0,0.08333333333333333,0.125,-40.80456040019715,-29.029036136045335,15.093646944966926,19.061606999354456
156,OGWM_110,no_TMS,invalid,compatible,5.869565217391305,469.17391304347825,669.1304347826087,782.1,845.7826086956521,1.0,707.5652173913044,1.0,0.0,0.0,23.79682517652408,23.23817156730038,3.453250946533653,5.179416742109129
157,OGWM_110,no_TMS,invalid,incompatible,6.035294117647059,607.1764705882352,826.7764705882353,885.8405797101449,1001.6309523809524,0.9882352941176471,763.6588235294117,0.9882352941176471,0.03529411764705882,0.07058823529411765,-7.745348454236094,19.06859465108754,7.031736657286459,10.258035967140438
158,OGWM_110,no_TMS,neutral,compatible,2.3333333333333335,471.48148148148147,651.2407407407408,762.6538461538462,899.2592592592592,1.0,779.0370370370371,0.9259259259259259,0.0,0.0,-27.06348907225108,-0.22591985457987948,5.156475855390403,5.6075457667553295
159,OGWM_110,no_TMS,neutral,incompatible,2.3333333333333335,665.0370370370371,868.72,978.265306122449,1089.566037735849,0.9259259259259259,851.3703703703703,0.9259259259259259,0.09259259259259259,0.1111111111111111,-11.565581973734435,13.600869344522637,12.161037475562644,14.459396236072012
160,OGWM_110,no_TMS,valid,compatible,6.666666666666667,451.5952380952381,610.047619047619,731.8192771084338,851.5238095238095,1.0,759.0952380952381,1.0,0.0,0.0,17.069840328383922,-3.904178480789373,3.3005364381746807,3.9350298074415635
161,OGWM_110,no_TMS,valid,incompatible,6.666666666666667,649.3333333333334,862.0416666666666,915.4285714285714,1052.0,1.0,876.2916666666666,1.0,0.041666666666666664,0.041666666666666664,-11.551505765397529,-40.91244297237667,6.827012970768723,7.474027971091567
162,OGWM_111,PFC_cTBS,invalid,compatible,5.391304347826087,485.2608695652174,642.5652173913044,766.0909090909091,840.4347826086956,1.0,803.2173913043479,1.0,0.0,0.0,-8.436426612355252,7.310378681243611,3.704230531642925,5.2720029698685416
163,OGWM_111,PFC_cTBS,invalid,incompatible,5.317647058823529,503.3529411764706,701.7294117647059,814.3783783783783,910.8941176470588,1.0,761.8235294117648,0.9882352941176471,0.023529411764705882,0.08235294117647059,54.0786081935393,41.23499118344718,5.797197633948281,14.626619944639149
164,OGWM_111,PFC_cTBS,neutral,compatible,2.6666666666666665,459.55555555555554,641.7592592592592,741.52,827.2407407407408,1.0,884.3703703703703,1.0,0.0,0.0,-33.4928393044042,-26.71492325817164,3.3089003631417846,3.5270273773125185
165,OGWM_111,PFC_cTBS,neutral,incompatible,2.6666666666666665,523.8333333333334,686.9245283018868,811.0925925925926,908.6296296296297,0.9814814814814815,186066.77777777778,0.9629629629629629,0.037037037037037035,0.05555555555555555,2.604677289482947,20.571246304916112,8.541646880501796,11.729189629042047
166,OGWM_111,PFC_cTBS,valid,compatible,6.988235294117647,442.1294117647059,611.2588235294118,733.45,831.6470588235294,1.0,748.9882352941177,1.0,0.011764705882352941,0.023529411764705882,4.444966053093534,8.080139446101787,5.182366559854049,6.856820177090915
167,OGWM_111,PFC_cTBS,valid,incompatible,7.043478260869565,523.1739130434783,729.1739130434783,816.2380952380952,938.5217391304348,1.0,865.7826086956521,1.0,0.08695652173913043,0.08695652173913043,25.690947931468287,23.914672583261982,9.957727345800299,13.273775668078907
168,OGWM_111,PFC_iTBS,invalid,compatible,5.0,456.9166666666667,622.0,686.1428571428571,797.0833333333334,1.0,662.7083333333334,1.0,0.0,0.0,30.60175639979728,45.95963021282841,5.594785371109178,6.967945227103676
169,OGWM_111,PFC_iTBS,invalid,incompatible,5.0,456.2142857142857,626.0714285714286,739.8933333333333,818.8333333333334,1.0,649.6666666666666,0.9880952380952381,0.03571428571428571,0.08333333333333333,-17.923457644250846,-15.41741357896421,10.173982004338587,14.88789583609234
170,OGWM_111,PFC_iTBS,neutral,compatible,4.333333333333333,418.74074074074076,601.7962962962963,703.7450980392157,776.925925925926,1.0,637.3333333333334,1.0,0.0,0.037037037037037035,-65.72564014044602,-54.46903891379694,4.517126765869682,9.349275799217393
171,OGWM_111,PFC_iTBS,neutral,incompatible,4.333333333333333,444.9074074074074,631.6603773584906,739.4545454545455,827.7037037037037,0.9814814814814815,683.925925925926,1.0,0.037037037037037035,0.12962962962962962,0.6694857788686304,11.828410658777393,7.2228646129860525,15.658712513876138
172,OGWM_111,PFC_iTBS,valid,compatible,5.705882352941177,417.90588235294115,572.5176470588235,665.625,754.1294117647059,1.0,683.964705882353,1.0,0.0,0.023529411764705882,-10.404224181125414,0.14688085068712253,4.511706463467357,8.152430902711815
173,OGWM_111,PFC_iTBS,valid,incompatible,5.521739130434782,461.4347826086956,643.0,749.3157894736842,856.3478260869565,0.9565217391304348,819.5217391304348,0.9565217391304348,0.043478260869565216,0.13043478260869565,-8.751806648196007,-10.675935920268076,9.857948803828384,20.492242590911058
174,OGWM_111,no_TMS,invalid,compatible,5.565217391304348,521.7826086956521,673.3478260869565,790.7272727272727,866.2173913043479,1.0,788.8260869565217,1.0,0.0,0.0,9.071785481536969,-67.10297944236062,2.752351585638766,4.542248376950451
175,OGWM_111,no_TMS,invalid,incompatible,5.694117647058824,527.2588235294118,719.8941176470588,817.8607594936709,898.8235294117648,1.0,118366.18823529412,0.9882352941176471,0.047058823529411764,0.08235294117647059,-5.2085968893862695,1.4681272556348448,9.415691392675585,16.74624088373172
176,OGWM_111,no_TMS,neutral,compatible,3.6666666666666665,508.64814814814815,688.3333333333334,781.7551020408164,847.3584905660377,0.9814814814814815,721.7592592592592,1.0,0.018518518518518517,0.018518518518518517,12.411999444691835,-0.3495866312570794,6.048491694174463,7.655823019361433
177,OGWM_111,no_TMS,neutral,incompatible,3.6666666666666665,512.9444444444445,697.2641509433962,798.64,936.7592592592592,0.9814814814814815,739.8148148148148,1.0,0.037037037037037035,0.07407407407407407,-21.512140247641863,-19.57161797456999,9.483737281882732,14.517398434044818
178,OGWM_111,no_TMS,valid,compatible,5.666666666666667,465.67857142857144,609.9404761904761,739.2530120481928,834.202380952381,1.0,680.5357142857143,1.0,0.011904761904761904,0.011904761904761904,-21.79032047624088,-17.1624934305301,5.002911343745356,5.773057951911712
179,OGWM_111,no_TMS,valid,incompatible,5.666666666666667,555.8333333333334,809.0833333333334,866.7272727272727,976.25,1.0,719.3333333333334,1.0,0.20833333333333334,0.20833333333333334,30.513732021598006,27.94379730253252,26.422399942471387,22.68761034269613
180,OGWM_112,PFC_cTBS,invalid,compatible,7.0,540.4166666666666,714.5,838.25,952.8333333333334,1.0,640.4166666666666,1.0,0.0,0.0,15.38675599428627,29.912108024135165,2.5821455005223974,3.7826834346476716
181,OGWM_112,PFC_cTBS,invalid,incompatible,7.0,558.1904761904761,711.452380952381,831.5542168674699,952.7380952380952,1.0,633.0,1.0,0.011904761904761904,0.023809523809523808,12.330879030614312,17.749832134009168,4.727822409614767,6.721188400841105
182,OGWM_112,PFC_cTBS,neutral,compatible,5.0,543.3888888888889,737.074074074074,841.1320754716982,964.2777777777778,1.0,185815.5185185185,0.9814814814814815,0.07407407407407407,0.07407407407407407,27.605856024190484,27.420051124549286,14.831503597920303,15.44434906474187
183,OGWM_112,PFC_cTBS,neutral,incompatible,5.0,541.8148148148148,683.7777777777778,799.4444444444445,944.3148148148148,1.0,673.3888888888889,0.9814814814814815,0.018518518518518517,0.037037037037037035,25.256244473865948,43.77692113531421,5.594158289398131,8.169299085448651
184,OGWM_112,PFC_cTBS,valid,compatible,3.0,502.54117647058825,660.964705882353,778.5783132530121,899.4941176470588,1.0,663.3882352941176,1.0,0.058823529411764705,0.058823529411764705,38.563766666120934,38.580260662293995,12.353834966475947,13.084752315361348
185,OGWM_112,PFC_cTBS,valid,incompatible,3.0,551.3478260869565,687.6086956521739,801.5217391304348,917.9130434782609,1.0,647.5652173913044,0.9565217391304348,0.0,0.0,99.39921432447059,83.68616972697559,3.900627902164629,4.716797912218222
186,OGWM_112,PFC_iTBS,invalid,compatible,6.0,571.4166666666666,704.9166666666666,793.5,927.4166666666666,1.0,650.9583333333334,1.0,0.041666666666666664,0.08333333333333333,-2.343259485715464,8.422058720175563,7.112715365082553,11.145903870108825
187,OGWM_112,PFC_iTBS,invalid,incompatible,6.0,567.5714285714286,699.7469879518072,803.9135802469136,912.0238095238095,0.9880952380952381,715.702380952381,1.0,0.023809523809523808,0.07142857142857142,-14.37593805472356,3.7831659131335895,5.724638382159017,10.8575641004988
188,OGWM_112,PFC_iTBS,neutral,compatible,4.0,528.4814814814815,663.3518518518518,759.843137254902,873.6296296296297,1.0,729.3703703703703,1.0,0.037037037037037035,0.07407407407407407,95.86498009589842,127.75454460483955,6.013268798796861,8.676764409073893
189,OGWM_112,PFC_iTBS,neutral,incompatible,4.0,573.925925925926,696.0370370370371,794.1960784313726,906.8148148148148,1.0,784.425925925926,1.0,0.037037037037037035,0.037037037037037035,69.3899547192076,95.54773969884191,5.558737310972798,6.434798956922702
190,OGWM_112,PFC_iTBS,valid,compatible,4.988235294117647,504.9764705882353,617.4941176470588,707.219512195122,834.2588235294118,1.0,670.5411764705882,0.9882352941176471,0.011764705882352941,0.03529411764705882,62.54847404062093,72.66004576772444,5.2955197466882336,7.612577754599988
191,OGWM_112,PFC_iTBS,valid,incompatible,5.043478260869565,539.0869565217391,657.695652173913,747.695652173913,864.4347826086956,1.0,762.3478260869565,0.9565217391304348,0.08695652173913043,0.08695652173913043,17.906953347319522,33.33595025280087,14.801361765190203,15.478057298843638
192,OGWM_112,no_TMS,invalid,compatible,6.0,691.0833333333334,863.9166666666666,962.5833333333334,1109.3333333333333,1.0,687.4583333333334,1.0,0.08333333333333333,0.08333333333333333,15.06565690768401,14.54887530986123,18.29978891394106,19.784866994228732
193,OGWM_112,no_TMS,invalid,incompatible,6.0,617.2619047619048,755.2380952380952,869.3855421686746,1010.6904761904761,1.0,659.797619047619,1.0,0.011904761904761904,0.011904761904761904,36.375852219203935,23.993708542918277,5.751363392931269,6.233645700259137
194,OGWM_112,no_TMS,neutral,compatible,2.3333333333333335,600.0185185185185,767.3333333333334,879.8703703703703,994.8888888888889,1.0,185815.3148148148,0.9814814814814815,0.037037037037037035,0.037037037037037035,16.743523367749635,3.8120581288321023,6.783671992666137,7.201409351576192
195,OGWM_112,no_TMS,neutral,incompatible,2.3333333333333335,589.1481481481482,770.6111111111111,862.8461538461538,986.0188679245283,0.9814814814814815,686.4814814814815,1.0,0.05555555555555555,0.05555555555555555,74.74399186439705,67.3704832394909,12.745374032141656,10.871059613072562
196,OGWM_112,no_TMS,valid,compatible,6.651162790697675,583.0930232558139,703.6279069767442,821.1411764705882,953.5813953488372,1.0,624.546511627907,1.0,0.011627906976744186,0.011627906976744186,34.932894846128264,43.50282878968726,5.57288057797526,6.282992097892443
197,OGWM_112,no_TMS,valid,incompatible,6.7272727272727275,597.2727272727273,751.0909090909091,867.6363636363636,974.4545454545455,1.0,636.9545454545455,1.0,0.0,0.0,-81.05610153134965,-48.200903102059755,2.7427109175153235,3.2322550432977266
198,OGWM_113,PFC_cTBS,invalid,compatible,4.086956521739131,519.3913043478261,744.3478260869565,822.4347826086956,1003.695652173913,1.0,435633.04347826086,0.9130434782608695,0.08695652173913043,0.13043478260869565,-84.29461885980258,-70.32484991887472,10.300679464445935,12.432152042327585
199,OGWM_113,PFC_cTBS,invalid,incompatible,3.976470588235294,605.364705882353,937.6385542168674,936.3132530120482,1182.8048780487804,0.9529411764705882,970.9294117647058,0.9529411764705882,0.29411764705882354,0.3411764705882353,-41.82713952243438,-34.99705219440545,35.91778806130986,38.10968045517135
200,OGWM_113,PFC_cTBS,neutral,compatible,3.3333333333333335,574.6666666666666,810.0377358490566,918.0566037735849,1086.9245283018868,0.9629629629629629,989.6296296296297,0.9444444444444444,0.07407407407407407,0.09259259259259259,-15.602616536354025,-27.83135420878994,12.087034574941923,14.78089290055992
201,OGWM_113,PFC_cTBS,neutral,incompatible,3.3333333333333335,593.9629629629629,893.6981132075472,894.3584905660377,1117.1132075471698,0.9629629629629629,186133.96296296295,0.9814814814814815,0.2222222222222222,0.25925925925925924,-1.2502038446053756,16.665366304955516,24.05525282311816,31.014414269395566
202,OGWM_113,PFC_cTBS,valid,compatible,7.686046511627907,398.93023255813955,593.8,727.5542168674699,860.4069767441861,0.9883720930232558,233466.93023255814,0.9651162790697675,0.046511627906976744,0.05813953488372093,-5.876457380389758,4.209268976963004,11.171350473443157,14.365864895324178
203,OGWM_113,PFC_cTBS,valid,incompatible,7.590909090909091,504.09090909090907,953.55,791.9473684210526,1148.4545454545455,0.9090909090909091,964.4545454545455,0.8636363636363636,0.5,0.45454545454545453,-8.69969076740014,-7.3349620808755365,47.31858047921856,47.94811590622442
204,OGWM_113,PFC_iTBS,invalid,compatible,7.0,407.8333333333333,626.4166666666666,687.25,855.4166666666666,1.0,844.3333333333334,0.9166666666666666,0.125,0.16666666666666666,1.401501871488365,4.887280437499214,19.766510443077156,25.689420248198374
205,OGWM_113,PFC_iTBS,invalid,incompatible,7.0,455.64285714285717,761.2650602409639,797.1219512195122,1063.433734939759,0.9761904761904762,119902.65476190476,0.9523809523809523,0.25,0.27380952380952384,-11.25572102166748,-9.78581020171578,32.17480888471929,39.0115689571154
206,OGWM_113,PFC_iTBS,neutral,compatible,3.0,459.3703703703704,638.1851851851852,763.4150943396227,888.9629629629629,1.0,186059.94444444444,0.9629629629629629,0.037037037037037035,0.05555555555555555,-22.890197594572935,-43.41657955350869,9.513267081571895,12.157025779752002
207,OGWM_113,PFC_iTBS,neutral,incompatible,3.0,552.925925925926,873.3396226415094,931.7692307692307,1170.4528301886792,0.9629629629629629,950.4444444444445,0.9814814814814815,0.3333333333333333,0.4074074074074074,-39.46526144759482,-30.107679916588083,36.871935719628404,45.81980380540384
208,OGWM_113,PFC_iTBS,valid,compatible,4.976470588235294,406.88235294117646,602.5764705882353,721.3132530120482,908.5176470588235,1.0,1008.6470588235294,0.9411764705882353,0.03529411764705882,0.08235294117647059,-22.68467014852764,-36.430210920984265,10.10985916512394,13.817784289792314
209,OGWM_113,PFC_iTBS,valid,incompatible,5.086956521739131,497.17391304347825,872.1304347826087,884.1818181818181,1145.3636363636363,0.9565217391304348,435743.04347826086,0.9565217391304348,0.34782608695652173,0.34782608695652173,-48.538824853159674,-31.010664106541547,38.92985942863394,38.247058781728995
210,OGWM_113,no_TMS,invalid,compatible,5.086956521739131,446.39130434782606,670.4782608695652,811.3478260869565,1039.391304347826,1.0,785.8695652173913,0.9565217391304348,0.08695652173913043,0.043478260869565216,-31.095230564751542,0.3200673374236905,11.208586398150153,12.717912937546153
211,OGWM_113,no_TMS,invalid,incompatible,4.976470588235294,441.5764705882353,795.5061728395061,803.0588235294117,1099.6746987951808,0.9411764705882353,801.6823529411764,0.9058823529411765,0.29411764705882354,0.3764705882352941,-22.116624628688783,-18.261578985042387,35.497093452626345,46.61030258441989
212,OGWM_113,no_TMS,neutral,compatible,4.333333333333333,420.55555555555554,598.425925925926,692.4074074074074,871.425925925926,1.0,185971.6851851852,0.9444444444444444,0.05555555555555555,0.09259259259259259,-79.22882152249684,-50.23249206345853,11.000659588196962,15.442760060829723
213,OGWM_113,no_TMS,neutral,incompatible,4.333333333333333,489.72222222222223,774.8076923076923,831.2777777777778,1098.7037037037037,0.9629629629629629,185965.2962962963,0.8703703703703703,0.2222222222222222,0.2777777777777778,-14.825957219806527,-26.386572659647452,27.1659037989459,34.678684052182525
214,OGWM_113,no_TMS,valid,compatible,5.666666666666667,384.5595238095238,586.5595238095239,686.9629629629629,896.9047619047619,1.0,119831.39285714286,0.9761904761904762,0.05952380952380952,0.047619047619047616,-30.477198878372423,-26.73048988200461,12.80641718279052,15.293784656197008
215,OGWM_113,no_TMS,valid,incompatible,5.666666666666667,403.0833333333333,738.0,792.0833333333334,1090.9166666666667,1.0,869.9166666666666,0.9583333333333334,0.375,0.5,7.369694542879045,20.54669230555764,41.9601386192649,54.33692986622933
216,OGWM_114,PFC_cTBS,invalid,compatible,4.333333333333333,543.3333333333334,744.0833333333334,889.1666666666666,1008.75,1.0,775.125,1.0,0.0,0.0,-44.0295360073088,1.2354676070940016,3.919198155624777,5.178586557069409
217,OGWM_114,PFC_cTBS,invalid,incompatible,4.333333333333333,569.3809523809524,779.5952380952381,925.6904761904761,1095.3690476190477,1.0,238859.88095238095,0.9761904761904762,0.0,0.023809523809523808,-37.34770283502877,-16.75698894814658,4.357786572106964,8.7129382924775
218,OGWM_114,PFC_cTBS,neutral,compatible,4.333333333333333,520.1666666666666,754.6111111111111,874.5,1041.1666666666667,1.0,806.3518518518518,1.0,0.0,0.018518518518518517,-58.17417264563083,-46.96082787153691,3.550290685694444,9.167571972039218
219,OGWM_114,PFC_cTBS,neutral,incompatible,4.333333333333333,568.9074074074074,829.2264150943396,948.8867924528302,1137.1698113207547,0.9814814814814815,858.8518518518518,1.0,0.037037037037037035,0.07407407407407407,-4.541947332757908,-14.06355892178838,9.622999821305743,15.627191609667365
220,OGWM_114,PFC_cTBS,valid,compatible,6.333333333333333,515.9285714285714,718.0714285714286,864.156626506024,1043.2619047619048,1.0,740.5238095238095,0.9880952380952381,0.0,0.047619047619047616,-12.250480108661469,-18.009921168538067,4.969206094032579,8.066134448039934
221,OGWM_114,PFC_cTBS,valid,incompatible,6.333333333333333,587.7916666666666,845.0434782608696,984.2083333333334,1233.5416666666667,0.9583333333333334,849.6666666666666,0.9583333333333334,0.08333333333333333,0.125,20.11200994360845,53.57776753215043,14.982545793531422,20.26436095202601
222,OGWM_114,PFC_iTBS,invalid,compatible,7.0,521.4166666666666,720.3333333333334,851.3333333333334,1023.375,1.0,682.9583333333334,1.0,0.041666666666666664,0.041666666666666664,25.80009721254584,69.47107320705221,7.30892911747923,8.188179328034012
223,OGWM_114,PFC_iTBS,invalid,incompatible,7.0,554.797619047619,763.7142857142857,887.5238095238095,1067.6904761904761,1.0,119743.66666666667,0.9761904761904762,0.011904761904761904,0.08333333333333333,12.450893774442429,14.029631297120716,5.930202033630765,13.088203600750811
224,OGWM_114,PFC_iTBS,neutral,compatible,4.333333333333333,502.3888888888889,682.5094339622641,802.0377358490566,984.9622641509434,0.9814814814814815,666.5555555555555,0.9814814814814815,0.018518518518518517,0.037037037037037035,25.92970892395231,48.28601492783326,5.52929947664406,10.979016464559804
225,OGWM_114,PFC_iTBS,neutral,incompatible,4.333333333333333,589.2037037037037,807.6603773584906,950.3018867924528,1084.5294117647059,0.9444444444444444,720.0185185185185,0.9814814814814815,0.05555555555555555,0.07407407407407407,17.494237396360607,12.143046658547222,12.424033133793678,15.314681559930433
226,OGWM_114,PFC_iTBS,valid,compatible,3.6666666666666665,525.5119047619048,742.702380952381,867.8928571428571,1041.9166666666667,1.0,676.8333333333334,0.9761904761904762,0.011904761904761904,0.023809523809523808,-7.044144738019091,0.5552793547625002,5.7637928118496875,7.752498073843519
227,OGWM_114,PFC_iTBS,valid,incompatible,3.6666666666666665,584.0416666666666,763.2173913043479,900.0869565217391,1106.5652173913043,0.9583333333333334,698.125,0.9583333333333334,0.08333333333333333,0.125,14.032186429135885,-2.2816776281869164,12.848892253368712,19.080325635517674
228,OGWM_114,no_TMS,invalid,compatible,7.956521739130435,472.8695652173913,639.7391304347826,796.5217391304348,963.3478260869565,1.0,675.6086956521739,1.0,0.0,0.0,99.65564414609565,97.41540941722062,5.750022354335041,8.39934428546404
229,OGWM_114,no_TMS,invalid,incompatible,8.011764705882353,567.9176470588235,819.2380952380952,931.3809523809524,1136.5060240963855,0.9764705882352941,685.0470588235294,0.9764705882352941,0.09411764705882353,0.15294117647058825,-1.5521176811812394,8.420243734522362,16.962373011630596,24.34226880824027
230,OGWM_114,no_TMS,neutral,compatible,2.3333333333333335,482.75925925925924,682.6666666666666,801.6111111111111,964.574074074074,1.0,720.0555555555555,1.0,0.0,0.0,6.8581079733497825,33.230531788243496,4.4891011230804585,5.922931478683977
231,OGWM_114,no_TMS,neutral,incompatible,2.3333333333333335,504.72222222222223,731.3148148148148,851.6111111111111,1020.8888888888889,1.0,602.5370370370371,0.9814814814814815,0.037037037037037035,0.037037037037037035,-14.799198633647686,29.379625212986326,9.93699418081487,9.749042855471599
232,OGWM_114,no_TMS,valid,compatible,4.651162790697675,488.1162790697674,717.3023255813954,812.0117647058823,992.1279069767442,1.0,691.7790697674419,0.9651162790697675,0.06976744186046512,0.12790697674418605,-33.861651425536195,-25.99938277018402,13.418024062897176,19.09006538362637
233,OGWM_114,no_TMS,valid,incompatible,4.7272727272727275,541.3636363636364,847.0,950.0909090909091,1100.2727272727273,1.0,716.2272727272727,1.0,0.09090909090909091,0.13636363636363635,-3.1377097672588907,0.8281787389417704,17.719411474640435,28.51962802366372
234,OGWM_115,PFC_cTBS,invalid,compatible,5.666666666666667,485.85714285714283,681.5714285714286,779.625,822.5714285714286,1.0,602.1904761904761,1.0,0.0,0.0,26.52611078990743,27.294215988925533,3.907063997880285,4.630775152857966
235,OGWM_115,PFC_cTBS,invalid,incompatible,5.666666666666667,501.2298850574713,801.4367816091954,837.0784313725491,954.9655172413793,1.0,632.7241379310345,1.0,0.13793103448275862,0.27586206896551724,8.788621868914188,6.08443477601792,19.999316161360312,36.33854512606713
236,OGWM_115,PFC_cTBS,neutral,compatible,3.3333333333333335,478.962962962963,687.5849056603773,792.6222222222223,908.1296296296297,0.9814814814814815,603.9444444444445,1.0,0.018518518518518517,0.037037037037037035,39.04123621381476,37.69869811051811,9.481619502708243,12.455168242904518
237,OGWM_115,PFC_cTBS,neutral,incompatible,3.3333333333333335,563.074074074074,886.4905660377359,936.081081081081,1039.5576923076924,0.9629629629629629,624.3703703703703,0.9629629629629629,0.14814814814814814,0.24074074074074073,30.678285079108125,22.91535370045586,24.08153548878315,34.684101117314086
238,OGWM_115,PFC_cTBS,valid,compatible,6.0,437.3095238095238,649.0,753.9074074074074,796.452380952381,0.9880952380952381,567.797619047619,1.0,0.011904761904761904,0.05952380952380952,18.0057658091414,31.88311734070556,6.867032650005035,10.735485046145856
239,OGWM_115,PFC_cTBS,valid,incompatible,6.0,471.625,754.695652173913,844.1875,936.4583333333334,0.9583333333333334,676.9166666666666,0.9583333333333334,0.20833333333333334,0.3333333333333333,1.1855458190129144,-3.2316160639034153,28.32950059218614,47.20218853602925
240,OGWM_115,PFC_iTBS,invalid,compatible,7.260869565217392,612.7391304347826,809.4347826086956,898.8,927.1739130434783,1.0,643.7391304347826,1.0,0.0,0.0,21.774969196428284,37.41708304096939,5.1577164031306655,6.715260283790798
241,OGWM_115,PFC_iTBS,invalid,incompatible,7.352941176470588,662.7176470588236,909.3764705882353,997.7692307692307,1045.0823529411764,0.9882352941176471,757.7764705882353,0.9764705882352941,0.07058823529411765,0.1411764705882353,50.14256751832941,47.111889543921116,12.736292775853629,24.332543094135076
242,OGWM_115,PFC_iTBS,neutral,compatible,2.0,620.7777777777778,846.2452830188679,936.0625,1002.6296296296297,0.9814814814814815,755.1296296296297,1.0,0.05555555555555555,0.09259259259259259,-10.59256569184359,-3.461980442981053,9.943677213003369,12.864401043711608
243,OGWM_115,PFC_iTBS,neutral,incompatible,2.0,663.1851851851852,889.9811320754717,947.6388888888889,1055.6666666666667,0.9629629629629629,818.4444444444445,1.0,0.05555555555555555,0.07407407407407407,16.901858645650336,3.545863202104057,8.881714599579473,13.670040100465458
244,OGWM_115,PFC_iTBS,valid,compatible,5.666666666666667,558.5952380952381,746.5,867.0,891.5833333333334,1.0,769.3809523809524,1.0,0.011904761904761904,0.011904761904761904,17.96645198221222,25.753618525454492,5.592049060384097,7.0201305488423005
245,OGWM_115,PFC_iTBS,valid,incompatible,5.666666666666667,608.9166666666666,927.1666666666666,1002.8235294117648,1097.75,1.0,799.5,0.9583333333333334,0.125,0.16666666666666666,-19.08993108855532,-34.952572957665986,17.18013417219318,27.354996590499706
246,OGWM_115,no_TMS,invalid,compatible,4.333333333333333,619.6666666666666,880.0,977.1904761904761,1069.25,1.0,762.4166666666666,1.0,0.0,0.041666666666666664,1.3367348708434352,28.386602235684396,5.22502825450168,10.851072745224537
247,OGWM_115,no_TMS,invalid,incompatible,4.333333333333333,674.2261904761905,979.75,1053.9076923076923,1142.0602409638554,0.9880952380952381,775.25,0.9880952380952381,0.10714285714285714,0.16666666666666666,17.74923461563627,-1.4142910122902093,14.401564140973496,22.27228243266478
248,OGWM_115,no_TMS,neutral,compatible,4.0,565.4444444444445,854.8148148148148,928.1891891891892,1015.5555555555555,1.0,743.2777777777778,0.9814814814814815,0.05555555555555555,0.05555555555555555,-32.75882306023685,-44.8952838097841,10.303319253243494,13.524447645621652
249,OGWM_115,no_TMS,neutral,incompatible,4.0,634.2037037037037,894.4629629629629,1022.7631578947369,1078.0754716981132,0.9814814814814815,798.7037037037037,0.9814814814814815,0.05555555555555555,0.09259259259259259,0.9166485847223527,9.217433814496042,10.823472634553214,18.62264322231964
250,OGWM_115,no_TMS,valid,compatible,6.682352941176471,528.6,760.0823529411765,887.8888888888889,907.6941176470589,1.0,746.4235294117647,1.0,0.0,0.011764705882352941,71.40196878396019,78.52232229802546,6.480368623877741,9.654151341645758
251,OGWM_115,no_TMS,valid,incompatible,6.608695652173913,633.9565217391304,933.3636363636364,1035.4285714285713,1110.5652173913043,0.9565217391304348,944.5217391304348,1.0,0.043478260869565216,0.13043478260869565,-20.096549137994288,-17.52718605044413,8.349055593044614,21.768694272247394
252,OGWM_116,PFC_cTBS,invalid,compatible,6.636363636363637,524.6363636363636,682.7272727272727,839.7647058823529,841.6363636363636,1.0,577.7272727272727,1.0,0.0,0.0,16.685032663528233,-31.730136134596364,2.04833567629383,2.4276511916146757
253,OGWM_116,PFC_cTBS,invalid,incompatible,6.674418604651163,583.6744186046511,743.3720930232558,800.0689655172414,866.6976744186046,1.0,592.3720930232558,1.0,0.03488372093023256,0.03488372093023256,29.702659644484477,40.15504490968727,5.809189924732474,6.372908866399294
254,OGWM_116,PFC_cTBS,neutral,compatible,4.0,519.4444444444445,682.2222222222222,806.4047619047619,808.5,1.0,600.574074074074,0.9814814814814815,0.018518518518518517,0.018518518518518517,-7.960902158312173,-7.585925679571061,3.480571945521263,3.867951999053944
255,OGWM_116,PFC_cTBS,neutral,incompatible,4.0,578.5185185185185,781.2222222222222,873.975,914.1481481481482,1.0,185782.11111111112,0.9444444444444444,0.018518518518518517,0.037037037037037035,20.918468111703955,25.917845054542127,4.650415480706428,6.835453115598547
256,OGWM_116,PFC_cTBS,valid,compatible,4.333333333333333,490.3095238095238,630.0,713.9558823529412,737.4285714285714,1.0,617.0952380952381,0.9761904761904762,0.0,0.0,-12.542883889238945,17.669617184338797,2.377495044344606,2.5241555869232806
257,OGWM_116,PFC_cTBS,valid,incompatible,4.333333333333333,535.1666666666666,717.9166666666666,801.2,882.5833333333334,1.0,543.25,1.0,0.08333333333333333,0.08333333333333333,-25.92949356173759,3.889267141923792,13.484976757889433,14.340192620655548
258,OGWM_116,PFC_iTBS,invalid,compatible,6.217391304347826,500.39130434782606,675.7826086956521,757.0,794.6086956521739,1.0,474.60869565217394,1.0,0.0,0.0,-7.625154657709456,8.419934951919485,2.1855965706699716,2.626986653530715
259,OGWM_116,PFC_iTBS,invalid,incompatible,6.364705882352941,573.9058823529411,762.7738095238095,839.2794117647059,890.5180722891566,0.9764705882352941,613.0941176470589,0.9882352941176471,0.07058823529411765,0.07058823529411765,13.947916462206978,26.66461170939475,9.86646864525131,10.03418515293008
260,OGWM_116,PFC_iTBS,neutral,compatible,3.0,490.22222222222223,691.1481481481482,787.3829787234042,823.925925925926,1.0,185750.2962962963,0.9814814814814815,0.018518518518518517,0.037037037037037035,21.840619009625986,18.861067504488442,4.110265848820899,7.616669750639253
261,OGWM_116,PFC_iTBS,neutral,incompatible,3.0,548.8148148148148,734.8333333333334,810.5111111111111,880.2592592592592,1.0,610.925925925926,0.9444444444444444,0.05555555555555555,0.09259259259259259,0.5521342628559438,-18.97725846537558,11.041627709717366,14.321765972781103
262,OGWM_116,PFC_iTBS,valid,compatible,5.694117647058824,515.1647058823529,679.8,741.6338028169014,801.4117647058823,1.0,553.564705882353,0.9882352941176471,0.0,0.0,23.310201351217685,10.936867015782541,2.6594793406425246,2.9223691206937663
263,OGWM_116,PFC_iTBS,valid,incompatible,5.565217391304348,536.1304347826087,728.2173913043479,830.6190476190476,858.695652173913,1.0,551.2608695652174,1.0,0.13043478260869565,0.13043478260869565,100.21545427697603,54.48058476756594,17.92705229115004,18.974512885644202
264,OGWM_116,no_TMS,invalid,compatible,5.333333333333333,491.5833333333333,680.5833333333334,768.6190476190476,835.6666666666666,1.0,561.0833333333334,1.0,0.0,0.0,14.569340908116509,59.920904265355716,2.546253421612511,2.748012185678494
265,OGWM_116,no_TMS,invalid,incompatible,5.333333333333333,554.8571428571429,700.0843373493976,796.5316455696203,865.2530120481928,0.9880952380952381,119683.22619047618,0.9285714285714286,0.023809523809523808,0.05952380952380952,-16.446990205720248,0.20652927399364326,5.559646582434274,8.858563013134992
266,OGWM_116,no_TMS,neutral,compatible,3.6666666666666665,488.9259259259259,684.4444444444445,769.0,853.6666666666666,1.0,617.7777777777778,0.9814814814814815,0.0,0.0,-5.417687488965852,-30.848013228698218,3.0078206651711517,3.9952878492699506
267,OGWM_116,no_TMS,neutral,incompatible,3.6666666666666665,549.5185185185185,754.5370370370371,849.4807692307693,967.5185185185185,1.0,677.1851851851852,1.0,0.037037037037037035,0.05555555555555555,1.0811443252773616,-22.794071209235558,7.074369884098703,10.135243988423596
268,OGWM_116,no_TMS,valid,compatible,6.011764705882353,456.67058823529413,631.1529411764706,731.9876543209876,796.1411764705882,1.0,612.7294117647059,0.9882352941176471,0.0,0.0,-17.94445452791243,-21.42297875967692,2.746821624816049,3.379995023969342
269,OGWM_116,no_TMS,valid,incompatible,5.956521739130435,556.4782608695652,688.0434782608696,805.2727272727273,869.1304347826087,1.0,624.7826086956521,0.9565217391304348,0.0,0.0,9.070427667247202,-22.0871294562044,3.4346538605629164,5.610431098775892
270,OGWM_117,PFC_cTBS,invalid,compatible,3.772727272727273,498.22727272727275,732.5909090909091,819.6842105263158,916.2272727272727,1.0,685.6363636363636,1.0,0.0,0.045454545454545456,-46.60964700443772,20.3194517029068,3.98762157890959,6.802600129342986
271,OGWM_117,PFC_cTBS,invalid,incompatible,3.63953488372093,544.3488372093024,808.7906976744187,903.0897435897435,1068.6279069767443,1.0,676.9651162790698,1.0,0.10465116279069768,0.16279069767441862,-1.374417372777963,7.77536188042845,14.968778554895943,23.627834509922327
272,OGWM_117,PFC_cTBS,neutral,compatible,4.333333333333333,482.1296296296296,640.8148148148148,768.3653846153846,865.6481481481482,1.0,681.2222222222222,0.9814814814814815,0.0,0.0,-5.261162870852156,7.871045169814886,4.915052183949563,6.272548239643169
273,OGWM_117,PFC_cTBS,neutral,incompatible,4.333333333333333,569.0555555555555,905.6037735849056,907.52,1086.8461538461538,0.9444444444444444,806.7777777777778,0.9444444444444444,0.25925925925925924,0.3333333333333333,-22.061660145283348,-21.776193063559017,31.77437679291523,41.086822743943486
274,OGWM_117,PFC_cTBS,valid,compatible,7.0,421.69767441860466,624.2325581395348,731.8947368421053,839.3139534883721,1.0,674.2209302325581,0.9651162790697675,0.023255813953488372,0.03488372093023256,26.19868951037632,17.91864570766567,6.014499970435638,8.521673539483452
275,OGWM_117,PFC_cTBS,valid,incompatible,7.0,467.8181818181818,744.4545454545455,792.8095238095239,945.7272727272727,1.0,455125.7272727273,0.9545454545454546,0.18181818181818182,0.3181818181818182,-0.32753482727405775,27.240049472477814,27.900284032198226,47.57902296804555
276,OGWM_117,PFC_iTBS,invalid,compatible,4.739130434782608,544.3913043478261,809.2727272727273,820.9090909090909,999.6521739130435,0.9565217391304348,653.9565217391304,1.0,0.17391304347826086,0.21739130434782608,52.64563322151154,34.168218232788185,20.410759136662314,26.073471169054137
277,OGWM_117,PFC_iTBS,invalid,incompatible,4.647058823529412,564.8588235294118,828.7619047619048,892.12,1029.6941176470589,0.9882352941176471,748.5294117647059,0.9882352941176471,0.18823529411764706,0.21176470588235294,-13.995801783414894,-8.912081516348238,22.140836651151478,26.563404555286144
278,OGWM_117,PFC_iTBS,neutral,compatible,5.666666666666667,479.3703703703704,671.0566037735849,778.8723404255319,889.6792452830189,0.9814814814814815,675.6666666666666,0.9814814814814815,0.018518518518518517,0.037037037037037035,-11.0735049900709,12.089631903189213,6.396974029709979,10.752286542811282
279,OGWM_117,PFC_iTBS,neutral,incompatible,5.666666666666667,568.5925925925926,824.4150943396227,923.1836734693877,1034.037037037037,0.9814814814814815,737.1666666666666,0.9814814814814815,0.18518518518518517,0.2037037037037037,6.831069158701307,10.821845953303367,21.617198855305258,24.756730042765213
280,OGWM_117,PFC_iTBS,valid,compatible,4.666666666666667,400.9404761904762,607.3452380952381,700.96,827.3928571428571,1.0,711.8928571428571,0.9880952380952381,0.011904761904761904,0.011904761904761904,-42.282885685615874,-24.184633274430265,5.820728650400231,7.354956248749813
281,OGWM_117,PFC_iTBS,valid,incompatible,4.666666666666667,486.7916666666667,761.3636363636364,857.9047619047619,971.25,0.9166666666666666,734.4166666666666,1.0,0.16666666666666666,0.20833333333333334,15.257075226870574,-5.082062380276778,20.682959920335076,25.852915488938546
282,OGWM_117,no_TMS,invalid,compatible,4.666666666666667,511.8333333333333,700.25,831.0833333333334,953.3333333333334,1.0,620.125,1.0,0.0,0.125,71.74098505358548,47.320885641183025,5.972418452380441,16.50644850041948
283,OGWM_117,no_TMS,invalid,incompatible,4.666666666666667,557.2857142857143,829.6341463414634,908.2207792207793,1062.841463414634,0.9642857142857143,119755.22619047618,0.9285714285714286,0.17857142857142858,0.2857142857142857,12.390655416274948,7.58764183128517,24.98485779011136,37.957503464497776
284,OGWM_117,no_TMS,neutral,compatible,5.0,453.3703703703704,680.8703703703703,776.9130434782609,864.4716981132076,0.9814814814814815,185747.59259259258,0.9814814814814815,0.05555555555555555,0.07407407407407407,-28.664223476754273,5.413131635474586,11.261980323197461,13.563074116391366
285,OGWM_117,no_TMS,neutral,incompatible,5.0,469.98148148148147,742.1132075471698,824.8,955.8888888888889,0.9814814814814815,649.4444444444445,0.9629629629629629,0.14814814814814814,0.2222222222222222,-5.178248329620895,22.477214329305873,19.267987366885464,28.1636233431004
286,OGWM_117,no_TMS,valid,compatible,5.305882352941176,432.9529411764706,627.5882352941177,746.4545454545455,892.435294117647,1.0,118269.23529411765,0.9647058823529412,0.0,0.011764705882352941,-1.3828148241819536,-5.158678529184751,6.093505246028298,9.106484374181672
287,OGWM_117,no_TMS,valid,incompatible,5.434782608695652,541.0,828.1818181818181,883.421052631579,1068.8695652173913,0.9565217391304348,674.5652173913044,0.8695652173913043,0.13043478260869565,0.17391304347826086,22.14914208295868,53.573436778949095,20.470095441736927,25.56384140233595
288,OGWM_118,PFC_cTBS,invalid,compatible,6.333333333333333,562.6666666666666,883.4347826086956,1040.8181818181818,1132.8695652173913,0.9583333333333334,929.25,0.9583333333333334,0.16666666666666666,0.20833333333333334,5.20182262828321,30.01085492340106,21.013614857389943,23.803986119042893
289,OGWM_118,PFC_cTBS,invalid,incompatible,6.333333333333333,617.8928571428571,1020.0493827160494,1043.3472222222222,1226.051948051948,0.9166666666666666,999.4166666666666,0.9880952380952381,0.25,0.30952380952380953,-3.314273724683066,-1.5214942409672774,31.90100628824001,39.9840626354222
290,OGWM_118,PFC_cTBS,neutral,compatible,5.0,474.35185185185185,816.0555555555555,926.8958333333334,1115.9074074074074,1.0,186059.85185185185,0.8333333333333334,0.12962962962962962,0.14814814814814814,-13.182527893470747,20.82771940679479,21.020075909714738,23.89744174667405
291,OGWM_118,PFC_cTBS,neutral,incompatible,5.0,573.6666666666666,1041.0196078431372,1030.5925925925926,1217.9803921568628,0.9074074074074074,371324.51851851854,0.7962962962962963,0.42592592592592593,0.48148148148148145,-4.954129027911575,-18.982758263315652,50.940403270258585,55.28258756797871
292,OGWM_118,PFC_cTBS,valid,compatible,3.686046511627907,522.546511627907,732.0116279069767,863.9759036144578,993.9186046511628,1.0,349652.87209302327,0.9651162790697675,0.03488372093023256,0.03488372093023256,-14.64549350694286,-14.720902185286768,9.23239830757062,10.156561854703654
293,OGWM_118,PFC_cTBS,valid,incompatible,3.590909090909091,587.3636363636364,943.3,1048.5,1238.5454545454545,0.9090909090909091,455499.0,0.9090909090909091,0.36363636363636365,0.5,62.81314881365747,65.08064809791965,41.056622470802665,47.07195594840237
294,OGWM_118,PFC_iTBS,invalid,compatible,3.590909090909091,523.1363636363636,987.5238095238095,1034.8333333333333,1127.4761904761904,0.9090909090909091,940.2727272727273,0.9545454545454546,0.045454545454545456,0.18181818181818182,53.98804628543738,87.886692266507,15.129208765170484,27.561926301646658
295,OGWM_118,PFC_iTBS,invalid,incompatible,3.686046511627907,540.2674418604652,970.433734939759,1004.506329113924,1220.5975609756097,0.9302325581395349,233336.67441860464,0.9186046511627907,0.27906976744186046,0.313953488372093,47.25008914219639,12.575293115822818,34.672535334800806,39.97598674197627
296,OGWM_118,PFC_iTBS,neutral,compatible,3.3333333333333335,526.0555555555555,858.8823529411765,986.2264150943396,1143.3461538461538,0.9259259259259259,186013.53703703705,0.9074074074074074,0.16666666666666666,0.24074074074074073,53.01028589153248,42.05854142079959,20.794882746289893,29.01390942915342
297,OGWM_118,PFC_iTBS,neutral,incompatible,3.3333333333333335,487.0740740740741,1000.6078431372549,999.5849056603773,1270.0192307692307,0.9259259259259259,371168.8333333333,0.9074074074074074,0.37037037037037035,0.46296296296296297,12.455828456164884,19.52119725767784,49.35682876255864,62.26600249887133
298,OGWM_118,PFC_iTBS,valid,compatible,7.988235294117647,498.54761904761904,799.6904761904761,901.7692307692307,1076.75,0.9882352941176471,118501.07058823529,0.8941176470588236,0.10588235294117647,0.1411764705882353,22.95003530629135,14.116112185448491,16.615069037190835,22.307763539941874
299,OGWM_118,PFC_iTBS,valid,incompatible,8.043478260869565,492.2608695652174,936.0909090909091,965.1818181818181,1179.8181818181818,0.9565217391304348,435514.47826086957,0.8260869565217391,0.34782608695652173,0.5217391304347826,-6.662472667483952,-13.71745056077276,46.88288763543333,62.53054206898018
300,OGWM_118,no_TMS,invalid,compatible,4.545454545454546,538.4545454545455,904.7272727272727,1037.111111111111,1147.5454545454545,1.0,949.0454545454545,0.9545454545454546,0.045454545454545456,0.09090909090909091,30.795358718223955,41.273003978384686,9.691947126187507,21.532923855293287
301,OGWM_118,no_TMS,invalid,incompatible,4.6976744186046515,541.3023255813954,985.1234567901234,1033.1012658227849,1248.1686746987953,0.9302325581395349,903.3953488372093,0.8953488372093024,0.313953488372093,0.45348837209302323,8.823441658830305,-0.7112744664621785,41.039668262525176,56.21057938049279
302,OGWM_118,no_TMS,neutral,compatible,4.333333333333333,503.8333333333333,873.925925925926,972.9423076923077,1086.351851851852,1.0,371178.6111111111,0.9074074074074074,0.07407407407407407,0.18518518518518517,-38.15879379898247,-26.01735141841247,14.644308789829067,27.63371992075874
303,OGWM_118,no_TMS,neutral,incompatible,4.333333333333333,529.074074074074,975.1111111111111,939.0625,1205.388888888889,1.0,186020.87037037036,0.9444444444444444,0.2962962962962963,0.4444444444444444,-26.787899079665547,-5.037207181592372,43.47032141357613,56.37749951084867
304,OGWM_118,no_TMS,valid,compatible,6.0,383.5,781.7710843373494,855.8205128205128,1055.132530120482,0.9761904761904762,890.4047619047619,0.9166666666666666,0.11904761904761904,0.17857142857142858,-36.080138752126736,-3.107541017194122,20.14557711312326,27.94643101430378
305,OGWM_118,no_TMS,valid,incompatible,6.0,375.25,986.9166666666666,1038.6666666666667,1237.304347826087,0.9583333333333334,951.125,0.9583333333333334,0.20833333333333334,0.5833333333333334,-46.33314007019552,-55.329642746778426,34.57450515579027,68.56008845746241
306,OGWM_119,PFC_cTBS,invalid,compatible,6.043478260869565,464.4782608695652,654.3913043478261,785.1428571428571,854.0,1.0,565.9130434782609,1.0,0.0,0.0,7.725791308442807,8.236354369847927,5.5844224975784424,8.947597655873352
307,OGWM_119,PFC_cTBS,invalid,incompatible,5.988235294117647,507.4,763.3764705882353,842.9736842105264,958.8588235294118,1.0,118270.8,0.9294117647058824,0.09411764705882353,0.17647058823529413,-7.937429852054445,-20.36948087181984,14.316477484733937,26.04422100560302
308,OGWM_119,PFC_cTBS,neutral,compatible,3.3333333333333335,465.94444444444446,690.2407407407408,773.4897959183673,887.5925925925926,1.0,639.8148148148148,0.9814814814814815,0.09259259259259259,0.1111111111111111,-3.928959269789372,-26.908049010104495,20.71256839712594,21.53303983720246
309,OGWM_119,PFC_cTBS,neutral,incompatible,3.3333333333333335,511.98148148148147,834.5555555555555,862.8333333333334,1010.9074074074074,1.0,645.7777777777778,1.0,0.2222222222222222,0.25925925925925924,-21.397192172012574,-33.75757909039107,38.68471173565086,43.00545474982924
310,OGWM_119,PFC_cTBS,valid,compatible,5.666666666666667,421.6904761904762,619.0238095238095,700.3066666666666,799.3809523809524,1.0,615.8452380952381,0.9523809523809523,0.03571428571428571,0.047619047619047616,-17.875822943204987,-16.24487418406271,8.81988142248802,11.094469660833466
311,OGWM_119,PFC_cTBS,valid,incompatible,5.666666666666667,521.9166666666666,734.8181818181819,818.4782608695652,970.9166666666666,0.9166666666666666,637.5833333333334,1.0,0.16666666666666666,0.20833333333333334,-19.553750675447223,-46.76209897491998,26.56043932438114,30.46005303043832
312,OGWM_119,PFC_iTBS,invalid,compatible,7.666666666666667,430.4166666666667,673.25,802.6666666666666,929.75,1.0,699.0833333333334,1.0,0.08333333333333333,0.08333333333333333,-38.9292297097273,-22.94251923651173,15.781119637181726,16.40989493077211
313,OGWM_119,PFC_iTBS,invalid,incompatible,7.666666666666667,476.1666666666667,782.9024390243902,833.9230769230769,957.9285714285714,0.9761904761904762,708.6785714285714,0.9761904761904762,0.25,0.34523809523809523,-14.015442359915422,-5.206697432039008,36.84932035859784,44.182153367805526
314,OGWM_119,PFC_iTBS,neutral,compatible,2.6666666666666665,498.6296296296296,720.6481481481482,804.8723404255319,912.2037037037037,1.0,721.9074074074074,0.9629629629629629,0.018518518518518517,0.05555555555555555,-22.14583736088953,-41.487572187957205,8.079922860945064,15.618790198647535
315,OGWM_119,PFC_iTBS,neutral,incompatible,2.6666666666666665,531.2222222222222,880.0,957.2745098039215,1075.4074074074074,0.9814814814814815,757.0925925925926,1.0,0.14814814814814814,0.25925925925925924,-14.746881640077083,-35.16474433866364,26.299809784898553,35.66153117259142
316,OGWM_119,PFC_iTBS,valid,compatible,4.647058823529412,433.67058823529413,618.5411764705882,745.8857142857142,828.1058823529412,1.0,720.9529411764706,1.0,0.0,0.023529411764705882,-18.788763144947946,-10.223806049163121,5.10120264750714,10.890623876672546
317,OGWM_119,PFC_iTBS,valid,incompatible,4.739130434782608,475.5217391304348,958.0434782608696,897.1739130434783,1112.0,0.9565217391304348,771.5652173913044,0.9565217391304348,0.4782608695652174,0.5217391304347826,25.50961204051733,34.02269240653337,65.83971587063999,73.28190389443412
318,OGWM_119,no_TMS,invalid,compatible,4.782608695652174,573.8260869565217,830.0,898.8636363636364,985.7826086956521,1.0,878.5217391304348,0.9130434782608695,0.043478260869565216,0.043478260869565216,-2.2195267291561533,-9.250220294193314,8.418986032016377,9.016262339636063
319,OGWM_119,no_TMS,invalid,incompatible,4.635294117647059,610.3529411764706,899.7647058823529,988.2911392405064,1091.0119047619048,0.9882352941176471,118475.25882352941,0.9411764705882353,0.12941176470588237,0.23529411764705882,-13.803642109153092,-15.054402258472582,20.444904945645405,35.16827695785942
320,OGWM_119,no_TMS,neutral,compatible,4.666666666666667,537.5,865.1296296296297,870.1960784313726,1044.4814814814815,1.0,817.3518518518518,0.9814814814814815,0.18518518518518517,0.2962962962962963,-28.757532307421524,-8.530258329379203,25.199916303281064,42.609650796526424
321,OGWM_119,no_TMS,neutral,incompatible,4.666666666666667,611.925925925926,952.0566037735849,975.8181818181819,1154.4905660377358,0.9629629629629629,953.4814814814815,0.9074074074074074,0.3148148148148148,0.4074074074074074,36.95358475099645,7.034814141149777,43.72463355454955,51.74623493449659
322,OGWM_119,no_TMS,valid,compatible,5.674418604651163,448.69767441860466,698.7209302325581,776.6756756756756,891.4186046511628,1.0,117092.59302325582,0.9883720930232558,0.046511627906976744,0.1511627906976744,-21.109277670612947,-23.584901567082657,13.761458161360526,23.060584382039508
323,OGWM_119,no_TMS,valid,incompatible,5.636363636363637,542.4545454545455,1033.4545454545455,979.8888888888889,1200.6363636363637,1.0,873.0454545454545,0.9545454545454546,0.45454545454545453,0.5,-32.309763166714454,-64.31931839715644,53.88124076951274,57.48130524384181
